<?xml version="1.0" encoding="UTF-8"?>
<addon id="plugin.video.newtumbl"
version="0.3.5"
name="NewTumbl"
provider-name="moedje">
<requires>
  <import addon="xbmc.python" version="2.24.0"/>
  <import addon="script.module.urlquick" optional="true"/>
  <import addon="script.module.youtube.dl" optional="true"/>
  <import addon="script.module.resolveurl" optional="true"/>
</requires>
<extension point="xbmc.python.pluginsource" library="main.py">
  <provides>video</provides>
</extension>
<extension point="xbmc.addon.metadata">
  <summary lang="en">NewTumbl</summary>
  <description lang="en">Player for NewTumbl.Com Blogs video's. [B]V0.3.0[/B] Search Blogs V0.2.0 Currently able to display newTumbl Dashboard (Feed) and Search Tagged Video's. Next Feature Followed Blogs, Searh Blogs, Display a Blogs Posts
  </description>
  <disclaimer lang="en">Not to be used for any illegal activities.</disclaimer>
</extension>
</addon>
