<?xml version="1.0" encoding="UTF-8" standalone="yes"?>
<addon id="plugin.video.largecamtube" name="largecamtube" provider-name="moedje" version="2.0.0">
  <requires>
    <import addon="xbmc.python" version="2.1.0"/>
  </requires>
  <extension library="default.py" point="xbmc.python.pluginsource">
    <provides>video</provides>
  </extension>
  <extension point="xbmc.addon.metadata">
    <summary>Forked to gaymods Adult(18+) Gay videos from largecamtube.com</summary>
    <description>Adult(18+) videos from largecamtube.com</description>
    <platform>all</platform>
  </extension>
</addon>