<?xml version="1.0" encoding="UTF-8" standalone="yes"?>
<addon id="plugin.video.prontv" name="Pron.TV" provider-name="moedje" version="0.4">
  <requires>
    <import addon="xbmc.python" version="2.1.0"/>
    <import addon="script.module.xbmcswift2" version="2.4.0"/>
    <import addon="script.module.urlresolver"/>
    <import addon="script.module.youtube.dl"/>
  </requires>
  <extension library="addon.py" point="xbmc.python.pluginsource">
    <provides>video</provides>
  </extension>
  <extension point="xbmc.addon.metadata">
    <platform>all</platform>
    <language/>
    <summary>Pron.TV Streaming Porn</summary>
    <description>Search Pron.TV website for streaming porn from Kodi with this addon. ADULTS ONLY!! V 0.4 added youtubedl as resolver and more bug fixes/additions. V 0.3 adds more features such as settings, set view mode, filter hosts, will be continuing to add basic features to this addon V 0.2 seems to search and play ok still struggles on some thumbnails. More to come soon! Just started this addon to bring up streams from pron.tv after playing with and registering for the API but have not started any of the addon just yet.</description>
  </extension>
</addon>