[
  {
    "label2": "1",
    "thumbnail": "special://home/addons/plugin.video.boyvid/resources/bvimg/1.jpg",
    "path": "plugin://plugin.video.boyvid/bv/cat/1/amateur/p/1",
    "label": "Amateur",
    "properties": {
      "info_type": "video",
      "itemurl": "http://www.boyvid.com/categories/amateur/"
    },
    "icon": "special://home/addons/plugin.video.boyvid/resources/bvimg/1.jpg"
  },
  {
    "label2": "3",
    "thumbnail": "special://home/addons/plugin.video.boyvid/resources/bvimg/3.jpg",
    "path": "plugin://plugin.video.boyvid/bv/cat/3/anal/p/1",
    "label": "Anal",
    "properties": {
      "info_type": "video",
      "itemurl": "http://www.boyvid.com/categories/anal/"
    },
    "icon": "special://home/addons/plugin.video.boyvid/resources/bvimg/3.jpg"
  },
  {
    "label2": "2",
    "thumbnail": "special://home/addons/plugin.video.boyvid/resources/bvimg/2.jpg",
    "path": "plugin://plugin.video.boyvid/bv/cat/2/anime/p/1",
    "label": "Anime",
    "properties": {
      "info_type": "video",
      "itemurl": "http://www.boyvid.com/categories/anime/"
    },
    "icon": "special://home/addons/plugin.video.boyvid/resources/bvimg/2.jpg"
  },
  {
    "label2": "5",
    "thumbnail": "special://home/addons/plugin.video.boyvid/resources/bvimg/5.jpg",
    "path": "plugin://plugin.video.boyvid/bv/cat/5/asian/p/1",
    "label": "Asian",
    "properties": {
      "info_type": "video",
      "itemurl": "http://www.boyvid.com/categories/asian/"
    },
    "icon": "special://home/addons/plugin.video.boyvid/resources/bvimg/5.jpg"
  },
  {
    "label2": "4",
    "thumbnail": "special://home/addons/plugin.video.boyvid/resources/bvimg/4.jpg",
    "path": "plugin://plugin.video.boyvid/bv/cat/4/ass-play/p/1",
    "label": "Ass-Play",
    "properties": {
      "info_type": "video",
      "itemurl": "http://www.boyvid.com/categories/ass-play/"
    },
    "icon": "special://home/addons/plugin.video.boyvid/resources/bvimg/4.jpg"
  },
  {
    "label2": "6",
    "thumbnail": "special://home/addons/plugin.video.boyvid/resources/bvimg/6.jpg",
    "path": "plugin://plugin.video.boyvid/bv/cat/6/bareback/p/1",
    "label": "Bareback",
    "properties": {
      "info_type": "video",
      "itemurl": "http://www.boyvid.com/categories/bareback/"
    },
    "icon": "special://home/addons/plugin.video.boyvid/resources/bvimg/6.jpg"
  },
  {
    "label2": "8",
    "thumbnail": "special://home/addons/plugin.video.boyvid/resources/bvimg/8.jpg",
    "path": "plugin://plugin.video.boyvid/bv/cat/8/big-cocks/p/1",
    "label": "Big-Cocks",
    "properties": {
      "info_type": "video",
      "itemurl": "http://www.boyvid.com/categories/big-cocks/"
    },
    "icon": "special://home/addons/plugin.video.boyvid/resources/bvimg/8.jpg"
  },
  {
    "label2": "9",
    "thumbnail": "special://home/addons/plugin.video.boyvid/resources/bvimg/9.jpg",
    "path": "plugin://plugin.video.boyvid/bv/cat/9/bisexual/p/1",
    "label": "Bisexual",
    "properties": {
      "info_type": "video",
      "itemurl": "http://www.boyvid.com/categories/bisexual/"
    },
    "icon": "special://home/addons/plugin.video.boyvid/resources/bvimg/9.jpg"
  },
  {
    "label2": "7",
    "thumbnail": "special://home/addons/plugin.video.boyvid/resources/bvimg/7.jpg",
    "path": "plugin://plugin.video.boyvid/bv/cat/7/black/p/1",
    "label": "Black",
    "properties": {
      "info_type": "video",
      "itemurl": "http://www.boyvid.com/categories/black/"
    },
    "icon": "special://home/addons/plugin.video.boyvid/resources/bvimg/7.jpg"
  },
  {
    "label2": "11",
    "thumbnail": "special://home/addons/plugin.video.boyvid/resources/bvimg/11.jpg",
    "path": "plugin://plugin.video.boyvid/bv/cat/11/blond-boys/p/1",
    "label": "Blond-Boys",
    "properties": {
      "info_type": "video",
      "itemurl": "http://www.boyvid.com/categories/blond-boys/"
    },
    "icon": "special://home/addons/plugin.video.boyvid/resources/bvimg/11.jpg"
  },
  {
    "label2": "10",
    "thumbnail": "special://home/addons/plugin.video.boyvid/resources/bvimg/10.jpg",
    "path": "plugin://plugin.video.boyvid/bv/cat/10/blowjob/p/1",
    "label": "Blowjob",
    "properties": {
      "info_type": "video",
      "itemurl": "http://www.boyvid.com/categories/blowjob/"
    },
    "icon": "special://home/addons/plugin.video.boyvid/resources/bvimg/10.jpg"
  },
  {
    "label2": "12",
    "thumbnail": "special://home/addons/plugin.video.boyvid/resources/bvimg/12.jpg",
    "path": "plugin://plugin.video.boyvid/bv/cat/12/bondage/p/1",
    "label": "Bondage",
    "properties": {
      "info_type": "video",
      "itemurl": "http://www.boyvid.com/categories/bondage/"
    },
    "icon": "special://home/addons/plugin.video.boyvid/resources/bvimg/12.jpg"
  },
  {
    "label2": "13",
    "thumbnail": "special://home/addons/plugin.video.boyvid/resources/bvimg/13.jpg",
    "path": "plugin://plugin.video.boyvid/bv/cat/13/college/p/1",
    "label": "College",
    "properties": {
      "info_type": "video",
      "itemurl": "http://www.boyvid.com/categories/college/"
    },
    "icon": "special://home/addons/plugin.video.boyvid/resources/bvimg/13.jpg"
  },
  {
    "label2": "14",
    "thumbnail": "special://home/addons/plugin.video.boyvid/resources/bvimg/14.jpg",
    "path": "plugin://plugin.video.boyvid/bv/cat/14/compilation/p/1",
    "label": "Compilation",
    "properties": {
      "info_type": "video",
      "itemurl": "http://www.boyvid.com/categories/compilation/"
    },
    "icon": "special://home/addons/plugin.video.boyvid/resources/bvimg/14.jpg"
  },
  {
    "label2": "55",
    "thumbnail": "special://home/addons/plugin.video.boyvid/resources/bvimg/55.jpg",
    "path": "plugin://plugin.video.boyvid/bv/cat/55/cum-eating/p/1",
    "label": "Cum-Eating",
    "properties": {
      "info_type": "video",
      "itemurl": "http://www.boyvid.com/categories/cum-eating/"
    },
    "icon": "special://home/addons/plugin.video.boyvid/resources/bvimg/55.jpg"
  },
  {
    "label2": "58",
    "thumbnail": "special://home/addons/plugin.video.boyvid/resources/bvimg/58.jpg",
    "path": "plugin://plugin.video.boyvid/bv/cat/58/cum-in-ass/p/1",
    "label": "Cum-In-Ass",
    "properties": {
      "info_type": "video",
      "itemurl": "http://www.boyvid.com/categories/cum-in-ass/"
    },
    "icon": "special://home/addons/plugin.video.boyvid/resources/bvimg/58.jpg"
  },
  {
    "label2": "15",
    "thumbnail": "special://home/addons/plugin.video.boyvid/resources/bvimg/15.jpg",
    "path": "plugin://plugin.video.boyvid/bv/cat/15/cumshot/p/1",
    "label": "Cumshot",
    "properties": {
      "info_type": "video",
      "itemurl": "http://www.boyvid.com/categories/cumshot/"
    },
    "icon": "special://home/addons/plugin.video.boyvid/resources/bvimg/15.jpg"
  },
  {
    "label2": "16",
    "thumbnail": "special://home/addons/plugin.video.boyvid/resources/bvimg/16.jpg",
    "path": "plugin://plugin.video.boyvid/bv/cat/16/domination/p/1",
    "label": "Domination",
    "properties": {
      "info_type": "video",
      "itemurl": "http://www.boyvid.com/categories/domination/"
    },
    "icon": "special://home/addons/plugin.video.boyvid/resources/bvimg/16.jpg"
  },
  {
    "label2": "17",
    "thumbnail": "special://home/addons/plugin.video.boyvid/resources/bvimg/17.jpg",
    "path": "plugin://plugin.video.boyvid/bv/cat/17/emo/p/1",
    "label": "Emo",
    "properties": {
      "info_type": "video",
      "itemurl": "http://www.boyvid.com/categories/emo/"
    },
    "icon": "special://home/addons/plugin.video.boyvid/resources/bvimg/17.jpg"
  },
  {
    "label2": "18",
    "thumbnail": "special://home/addons/plugin.video.boyvid/resources/bvimg/18.jpg",
    "path": "plugin://plugin.video.boyvid/bv/cat/18/facial/p/1",
    "label": "Facial",
    "properties": {
      "info_type": "video",
      "itemurl": "http://www.boyvid.com/categories/facial/"
    },
    "icon": "special://home/addons/plugin.video.boyvid/resources/bvimg/18.jpg"
  },
  {
    "label2": "20",
    "thumbnail": "special://home/addons/plugin.video.boyvid/resources/bvimg/20.jpg",
    "path": "plugin://plugin.video.boyvid/bv/cat/20/feet/p/1",
    "label": "Feet",
    "properties": {
      "info_type": "video",
      "itemurl": "http://www.boyvid.com/categories/feet/"
    },
    "icon": "special://home/addons/plugin.video.boyvid/resources/bvimg/20.jpg"
  },
  {
    "label2": "21",
    "thumbnail": "special://home/addons/plugin.video.boyvid/resources/bvimg/21.jpg",
    "path": "plugin://plugin.video.boyvid/bv/cat/21/fetish/p/1",
    "label": "Fetish",
    "properties": {
      "info_type": "video",
      "itemurl": "http://www.boyvid.com/categories/fetish/"
    },
    "icon": "special://home/addons/plugin.video.boyvid/resources/bvimg/21.jpg"
  },
  {
    "label2": "22",
    "thumbnail": "special://home/addons/plugin.video.boyvid/resources/bvimg/22.jpg",
    "path": "plugin://plugin.video.boyvid/bv/cat/22/first-time/p/1",
    "label": "First-Time",
    "properties": {
      "info_type": "video",
      "itemurl": "http://www.boyvid.com/categories/first-time/"
    },
    "icon": "special://home/addons/plugin.video.boyvid/resources/bvimg/22.jpg"
  },
  {
    "label2": "19",
    "thumbnail": "special://home/addons/plugin.video.boyvid/resources/bvimg/19.jpg",
    "path": "plugin://plugin.video.boyvid/bv/cat/19/funny/p/1",
    "label": "Funny",
    "properties": {
      "info_type": "video",
      "itemurl": "http://www.boyvid.com/categories/funny/"
    },
    "icon": "special://home/addons/plugin.video.boyvid/resources/bvimg/19.jpg"
  },
  {
    "label2": "25",
    "thumbnail": "special://home/addons/plugin.video.boyvid/resources/bvimg/25.jpg",
    "path": "plugin://plugin.video.boyvid/bv/cat/25/gangbang/p/1",
    "label": "Gangbang",
    "properties": {
      "info_type": "video",
      "itemurl": "http://www.boyvid.com/categories/gangbang/"
    },
    "icon": "special://home/addons/plugin.video.boyvid/resources/bvimg/25.jpg"
  },
  {
    "label2": "24",
    "thumbnail": "special://home/addons/plugin.video.boyvid/resources/bvimg/24.jpg",
    "path": "plugin://plugin.video.boyvid/bv/cat/24/group-sex/p/1",
    "label": "Group-Sex",
    "properties": {
      "info_type": "video",
      "itemurl": "http://www.boyvid.com/categories/group-sex/"
    },
    "icon": "special://home/addons/plugin.video.boyvid/resources/bvimg/24.jpg"
  },
  {
    "label2": "28",
    "thumbnail": "special://home/addons/plugin.video.boyvid/resources/bvimg/28.jpg",
    "path": "plugin://plugin.video.boyvid/bv/cat/28/handjob/p/1",
    "label": "Handjob",
    "properties": {
      "info_type": "video",
      "itemurl": "http://www.boyvid.com/categories/handjob/"
    },
    "icon": "special://home/addons/plugin.video.boyvid/resources/bvimg/28.jpg"
  },
  {
    "label2": "27",
    "thumbnail": "special://home/addons/plugin.video.boyvid/resources/bvimg/27.jpg",
    "path": "plugin://plugin.video.boyvid/bv/cat/27/hardcore/p/1",
    "label": "Hardcore",
    "properties": {
      "info_type": "video",
      "itemurl": "http://www.boyvid.com/categories/hardcore/"
    },
    "icon": "special://home/addons/plugin.video.boyvid/resources/bvimg/27.jpg"
  },
  {
    "label2": "29",
    "thumbnail": "special://home/addons/plugin.video.boyvid/resources/bvimg/29.jpg",
    "path": "plugin://plugin.video.boyvid/bv/cat/29/interracial/p/1",
    "label": "Interracial",
    "properties": {
      "info_type": "video",
      "itemurl": "http://www.boyvid.com/categories/interracial/"
    },
    "icon": "special://home/addons/plugin.video.boyvid/resources/bvimg/29.jpg"
  },
  {
    "label2": "30",
    "thumbnail": "special://home/addons/plugin.video.boyvid/resources/bvimg/30.jpg",
    "path": "plugin://plugin.video.boyvid/bv/cat/30/latinos/p/1",
    "label": "Latinos",
    "properties": {
      "info_type": "video",
      "itemurl": "http://www.boyvid.com/categories/latinos/"
    },
    "icon": "special://home/addons/plugin.video.boyvid/resources/bvimg/30.jpg"
  },
  {
    "label2": "32",
    "thumbnail": "special://home/addons/plugin.video.boyvid/resources/bvimg/32.jpg",
    "path": "plugin://plugin.video.boyvid/bv/cat/32/masturbation/p/1",
    "label": "Masturbation",
    "properties": {
      "info_type": "video",
      "itemurl": "http://www.boyvid.com/categories/masturbation/"
    },
    "icon": "special://home/addons/plugin.video.boyvid/resources/bvimg/32.jpg"
  },
  {
    "label2": "34",
    "thumbnail": "special://home/addons/plugin.video.boyvid/resources/bvimg/34.jpg",
    "path": "plugin://plugin.video.boyvid/bv/cat/34/mature/p/1",
    "label": "Mature",
    "properties": {
      "info_type": "video",
      "itemurl": "http://www.boyvid.com/categories/mature/"
    },
    "icon": "special://home/addons/plugin.video.boyvid/resources/bvimg/34.jpg"
  },
  {
    "label2": "33",
    "thumbnail": "special://home/addons/plugin.video.boyvid/resources/bvimg/33.jpg",
    "path": "plugin://plugin.video.boyvid/bv/cat/33/muscle-boys/p/1",
    "label": "Muscle-Boys",
    "properties": {
      "info_type": "video",
      "itemurl": "http://www.boyvid.com/categories/muscle-boys/"
    },
    "icon": "special://home/addons/plugin.video.boyvid/resources/bvimg/33.jpg"
  },
  {
    "label2": "36",
    "thumbnail": "special://home/addons/plugin.video.boyvid/resources/bvimg/36.jpg",
    "path": "plugin://plugin.video.boyvid/bv/cat/36/old-and-young/p/1",
    "label": "Old-And-Young",
    "properties": {
      "info_type": "video",
      "itemurl": "http://www.boyvid.com/categories/old-and-young/"
    },
    "icon": "special://home/addons/plugin.video.boyvid/resources/bvimg/36.jpg"
  },
  {
    "label2": "37",
    "thumbnail": "special://home/addons/plugin.video.boyvid/resources/bvimg/37.jpg",
    "path": "plugin://plugin.video.boyvid/bv/cat/37/outdoors/p/1",
    "label": "Outdoors",
    "properties": {
      "info_type": "video",
      "itemurl": "http://www.boyvid.com/categories/outdoors/"
    },
    "icon": "special://home/addons/plugin.video.boyvid/resources/bvimg/37.jpg"
  },
  {
    "label2": "39",
    "thumbnail": "special://home/addons/plugin.video.boyvid/resources/bvimg/39.jpg",
    "path": "plugin://plugin.video.boyvid/bv/cat/39/pissing/p/1",
    "label": "Pissing",
    "properties": {
      "info_type": "video",
      "itemurl": "http://www.boyvid.com/categories/pissing/"
    },
    "icon": "special://home/addons/plugin.video.boyvid/resources/bvimg/39.jpg"
  },
  {
    "label2": "38",
    "thumbnail": "special://home/addons/plugin.video.boyvid/resources/bvimg/38.jpg",
    "path": "plugin://plugin.video.boyvid/bv/cat/38/public/p/1",
    "label": "Public",
    "properties": {
      "info_type": "video",
      "itemurl": "http://www.boyvid.com/categories/public/"
    },
    "icon": "special://home/addons/plugin.video.boyvid/resources/bvimg/38.jpg"
  },
  {
    "label2": "40",
    "thumbnail": "special://home/addons/plugin.video.boyvid/resources/bvimg/40.jpg",
    "path": "plugin://plugin.video.boyvid/bv/cat/40/rimming/p/1",
    "label": "Rimming",
    "properties": {
      "info_type": "video",
      "itemurl": "http://www.boyvid.com/categories/rimming/"
    },
    "icon": "special://home/addons/plugin.video.boyvid/resources/bvimg/40.jpg"
  },
  {
    "label2": "43",
    "thumbnail": "special://home/addons/plugin.video.boyvid/resources/bvimg/43.jpg",
    "path": "plugin://plugin.video.boyvid/bv/cat/43/skinny/p/1",
    "label": "Skinny",
    "properties": {
      "info_type": "video",
      "itemurl": "http://www.boyvid.com/categories/skinny/"
    },
    "icon": "special://home/addons/plugin.video.boyvid/resources/bvimg/43.jpg"
  },
  {
    "label2": "44",
    "thumbnail": "special://home/addons/plugin.video.boyvid/resources/bvimg/44.jpg",
    "path": "plugin://plugin.video.boyvid/bv/cat/44/solo/p/1",
    "label": "Solo",
    "properties": {
      "info_type": "vid