[
  {
    "label": "Hot gay couple is having wonderful sex in the field",
    "label2": "hot-gay-couple-is-having-wonderful-sex-in-the-field",
    "icon": "http://www.boyvid.com/contents/videos_screenshots/4000/4792/180x135/3.jpg",
    "thumbnail": "http://www.boyvid.com/contents/videos_screenshots/4000/4792/180x135/3.jpg",
    "path": "plugin://plugin.video.boyvid/bv/play/4792",
    "properties": {
      "plot": "Nothing can be more exciting than to fuck each other in the field. These young twinks are sure of it, and they are having sex outdoors. They start with kissing, then they go to masturbating and sucking dicks, and the final scene shows their doggystyle fucking.",
      "itemurl": "http://www.boyvid.com/videos/hot-gay-couple-is-having-wonderful-sex-in-the-field/"
    }
  },
  {
    "label": "The passionate gay porn at the police office",
    "label2": "the-passionate-gay-porn-at-the-police-office",
    "icon": "http://www.boyvid.com/contents/videos_screenshots/4000/4810/180x135/2.jpg",
    "thumbnail": "http://www.boyvid.com/contents/videos_screenshots/4000/4810/180x135/2.jpg",
    "path": "plugin://plugin.video.boyvid/bv/play/4810",
    "properties": {
      "plot": "The police office is the great place for two young gays to fuck each other really hard. They are practicing oral sex deepthroating cocks so deep, and then one of them starts drilling his lover's asshole with his big dick while the lover is masturbating his cock.",
      "itemurl": "http://www.boyvid.com/videos/the-passionate-gay-porn-at-the-police-office/"
    }
  },
  {
    "label": "Kinky lovers are having unbelievable sex on the steps",
    "label2": "kinky-lovers-are-having-unbelievable-sex-on-the-steps",
    "icon": "http://www.boyvid.com/contents/videos_screenshots/4000/4774/180x135/6.jpg",
    "thumbnail": "http://www.boyvid.com/contents/videos_screenshots/4000/4774/180x135/6.jpg",
    "path": "plugin://plugin.video.boyvid/bv/play/4774",
    "properties": {
      "plot": "These young boys are fong of fucking at the unusual places. Now they are having sex on the steps of the club. The cute emo guy is getting his dick sucked really deep and hard. Then this cute twink starts penetrating his partner's asshole with erected penis.",
      "itemurl": "http://www.boyvid.com/videos/kinky-lovers-are-having-unbelievable-sex-on-the-steps/"
    }
  },
  {
    "label": "Sexy teen is practicing masturbation in public places",
    "label2": "sexy-teen-is-practicing-masturbation-in-public-places",
    "icon": "http://www.boyvid.com/contents/videos_screenshots/6000/6050/180x135/5.jpg",
    "thumbnail": "http://www.boyvid.com/contents/videos_screenshots/6000/6050/180x135/5.jpg",
    "path": "plugin://plugin.video.boyvid/bv/play/6050",
    "properties": {
      "plot": "Berlin is a great city to masturbate in public places, and this boy knows it well. He is torturing his big dick while waiting for the bus, and then he is having solo sex into the bus. There are no other passengers there, so he feels comfortable.",
      "itemurl": "http://www.boyvid.com/videos/sexy-teen-is-practicing-masturbation-in-public-places/"
    }
  },
  {
    "label": "Skinny lovers are having closeness next to the river",
    "label2": "skinny-lovers-are-having-closeness-next-to-the-river",
    "icon": "http://www.boyvid.com/contents/videos_screenshots/4000/4059/180x135/3.jpg",
    "thumbnail": "http://www.boyvid.com/contents/videos_screenshots/4000/4059/180x135/3.jpg",
    "path": "plugin://plugin.video.boyvid/bv/play/4059",
    "properties": {
      "plot": "This is the video featuring two lustful lovers having fun outdoors. They are fucking each other next to the river never worrying about the possibility to be seen by the other people. They are drilling each other's mouths and assholes.",
      "itemurl": "http://www.boyvid.com/videos/skinny-lovers-are-having-closeness-next-to-the-river/"
    }
  },
  {
    "label": "Young and pretty boys are having sex on the stairs",
    "label2": "young-and-pretty-boys-are-having-sex-on-the-stairs",
    "icon": "http://www.boyvid.com/contents/videos_screenshots/4000/4709/180x135/1.jpg",
    "thumbnail": "http://www.boyvid.com/contents/videos_screenshots/4000/4709/180x135/1.jpg",
    "path": "plugin://plugin.video.boyvid/bv/play/4709",
    "properties": {
      "plot": "The hot session of twinks' sex on the stairs. Their game starts with the deep blowjob, and then the active lover starts fucking the passive one in a doggystyle move. He is penetrarting his wet tiny asshole with so much passion and energy.",
      "itemurl": "http://www.boyvid.com/videos/young-and-pretty-boys-are-having-sex-on-the-stairs/"
    }
  },
  {
    "label": "Four hot twinks are having amazing sex in the street",
    "label2": "four-hot-twinks-are-having-amazing-sex-in-the-street",
    "icon": "http://www.boyvid.com/contents/videos_screenshots/4000/4793/180x135/4.jpg",
    "thumbnail": "http://www.boyvid.com/contents/videos_screenshots/4000/4793/180x135/4.jpg",
    "path": "plugin://plugin.video.boyvid/bv/play/4793",
    "properties": {
      "plot": "The street sex is always very hot and exciting. There are four lovers into this clip having intimate closeness right outdoors. They are shameless, and they are thinking only about pleasing each other. Watch this twinks' group sex, and feel the real excobjectent.",
      "itemurl": "http://www.boyvid.com/videos/four-hot-twinks-are-having-amazing-sex-in-the-street/"
    }
  },
  {
    "label": "Hot Orgie",
    "label2": "hot-orgie",
    "icon": "http://www.boyvid.com/contents/videos_screenshots/6000/6430/180x135/9.jpg",
    "thumbnail": "http://www.boyvid.com/contents/videos_screenshots/6000/6430/180x135/9.jpg",
    "path": "plugin://plugin.video.boyvid/bv/play/6430",
    "properties": {
      "plot": "Hot Gay Boys",
      "itemurl": "http://www.boyvid.com/videos/hot-orgie/"
    }
  },
  {
    "label": "Astonishing boys are blowing huge white dongs",
    "label2": "astonishing-boys-are-blowing-huge-white-dongs",
    "icon": "http://www.boyvid.com/contents/videos_screenshots/0/953/180x135/6.jpg",
    "thumbnail": "http://www.boyvid.com/contents/videos_screenshots/0/953/180x135/6.jpg",
    "path": "plugin://plugin.video.boyvid/bv/play/953",
    "properties": {
      "plot": "Stunning white boy likes to blow a huge and hard cock of his friend and to eat the cumshot.",
      "itemurl": "http://www.boyvid.com/videos/astonishing-boys-are-blowing-huge-white-dongs/"
    }
  },
  {
    "label": "Couple of horny guys fucking at IKEA market",
    "label2": "couple-of-horny-guys-fucking-at-ikea-market",
    "icon": "http://www.boyvid.com/contents/videos_screenshots/0/813/180x135/3.jpg",
    "thumbnail": "http://www.boyvid.com/contents/videos_screenshots/0/813/180x135/3.jpg",
    "path": "plugin://plugin.video.boyvid/bv/play/813",
    "properties": {
      "plot": "Those two sexy guys are having so much fun banging each other in the ass in this awesome public place.",
      "itemurl": "http://www.boyvid.com/videos/couple-of-horny-guys-fucking-at-ikea-market/"
    }
  },
  {
    "label": "Gays caught while fucking",
    "label2": "gays-caught-while-fucking",
    "icon": "http://www.boyvid.com/contents/videos_screenshots/0/711/180x135/4.jpg",
    "thumbnail": "http://www.boyvid.com/contents/videos_screenshots/0/711/180x135/4.jpg",
    "path": "plugin://plugin.video.boyvid/bv/play/711",
    "properties": {
      "plot": "",
      "itemurl": "http://www.boyvid.com/videos/gays-caught-while-fucking/"
    }
  },
  {
    "label": "Drunken party with lots of gay banging",
    "label2": "drunken-party-with-lots-of-gay-banging",
    "icon": "http://www.boyvid.com/contents/videos_screenshots/1000/1011/180x135/4.jpg",
    "thumbnail": "http://www.boyvid.com/contents/videos_screenshots/1000/1011/180x135/4.jpg",
    "path": "plugin://plugin.video.boyvid/bv/play/1011",
    "properties": {
      "plot": "Fabulous twinks are having sex at this party and penetrating tight assholes of everybody.",
      "itemurl": "http://www.boyvid.com/videos/drunken-party-with-lots-of-gay-banging/"
    }
  }
]