<?xml version="1.0" encoding="UTF-8" standalone="yes"?>
<addon id="plugin.video.wsonline" name="WatchSeries-Online" version="1.2.0" provider-name="moedje">
    <requires>
        <import addon="xbmc.python" version="2.24.0"/>
        <import addon="script.module.requests" optional="false"/>
        <import addon="script.module.urlresolver" optional="true"/>
        <import addon="script.module.youtube.dl" optional="true"/>
        <import addon="script.module.xbmcswift2"/>
    </requires>
    <extension point="xbmc.python.pluginsource" library="addon.py">
        <provides>video</provides>
    </extension>
    <extension point="xbmc.addon.metadata">
        <platform>all</platform>
        <language>en</language>
        <summary>Watchseries-online TV Plugin</summary>
        <description>Get the latest TV episodes on Watchseries-Online(.pl/.nl/.la...) and search for a series, list all online
            episodes in that series, and play them from Openload.Co or VODlocker
            [B]V1.2.0 2018-02-14[/B]: New playback and video file resolving fixing many bugs. Source Sorting and fave sources can be set in settings. Updated to new watchseries-online host which is currently .PL and added this as a setting that can be changed in the addon so I don't have to release an update each time they move servers.
        </description>
    </extension>
</addon>
