<?xml version="1.0" encoding="UTF-8" standalone="yes"?>
<addon id="plugin.video.gayboystube" name="GayBoysTube" provider-name="moedje" version="0.0.4">
  <requires>
    <import addon="xbmc.python" version="2.1.0"/>
  </requires>
  <extension library="addon.py" point="xbmc.python.pluginsource">
    <provides>video</provides>
  </extension>
  <extension point="xbmc.addon.metadata">
    <summary>Gaymod Fork Watch videos from gayboystube.com</summary>
    <description>Amateur and professional gay porn.forked: antigenx adding categories search still bugs
        </description>
    <platform>all</platform>
  </extension>
</addon>