<?xml version="1.0" encoding="UTF-8"?>
<addon id="plugin.video.wsOVF"
version="1.1.1"
name="WatchSeriesOVF"
provider-name="moedje">
<requires>
  <import addon="xbmc.python" version="2.24.0"/>
  <import addon="script.module.urlquick" optional="true"/>
  <import addon="script.module.simpleplugin" version="1.6+" optional="true"/>
  <import addon="script.module.youtube.dl" optional="true"/>
  <import addon="script.module.resolveurl" version="5.0.00+" optional="true"/>
</requires>
<extension point="xbmc.python.pluginsource" library="main.py">
  <provides>video</provides>
</extension>
<extension point="xbmc.addon.metadata">
  <summary lang="en">WatchSeries.OVF</summary>
  <description lang="en">[B]V1.1.0[/B]Renamed from old TVSeries4U addon which died long ago. Fixed changes made to watchseries websites that broke addon. Uses the ROMANVM SimplePlugin micro-framework to scrape links from watchseries.ovf</description>
  <disclaimer lang="en">Not to be used for any illegal activities.</disclaimer>
</extension>
</addon>
