[
  {
    "path": "plugin://plugin.video.boyvid/bt/cat/4/action/p/1",
    "label2": "4",
    "icon": "resources/imgbt/4.jpg",
    "thumbnail": "resources/imgbt/4.jpg",
    "label": "Action"
  },
  {
    "path": "plugin://plugin.video.boyvid/bt/cat/5/amature/p/1",
    "label2": "5",
    "icon": "resources/imgbt/5.jpg",
    "thumbnail": "resources/imgbt/5.jpg",
    "label": "Amature"
  },
  {
    "path": "plugin://plugin.video.boyvid/bt/cat/6/asian/p/1",
    "label2": "6",
    "icon": "resources/imgbt/6.jpg",
    "thumbnail": "resources/imgbt/6.jpg",
    "label": "Asian"
  },
  {
    "path": "plugin://plugin.video.boyvid/bt/cat/42/ass-play/p/1",
    "label2": "42",
    "icon": "resources/imgbt/42.jpg",
    "thumbnail": "resources/imgbt/42.jpg",
    "label": "Ass Play"
  },
  {
    "path": "plugin://plugin.video.boyvid/bt/cat/7/bareback/p/1",
    "label2": "7",
    "icon": "resources/imgbt/7.jpg",
    "thumbnail": "resources/imgbt/7.jpg",
    "label": "Bareback"
  },
  {
    "path": "plugin://plugin.video.boyvid/bt/cat/35/big-cocks/p/1",
    "label2": "35",
    "icon": "resources/imgbt/35.jpg",
    "thumbnail": "resources/imgbt/35.jpg",
    "label": "Big Cocks"
  },
  {
    "path": "plugin://plugin.video.boyvid/bt/cat/37/bisexual/p/1",
    "label2": "37",
    "icon": "resources/imgbt/37.jpg",
    "thumbnail": "resources/imgbt/37.jpg",
    "label": "Bisexual"
  },
  {
    "path": "plugin://plugin.video.boyvid/bt/cat/8/black/p/1",
    "label2": "8",
    "icon": "resources/imgbt/8.jpg",
    "thumbnail": "resources/imgbt/8.jpg",
    "label": "Black"
  },
  {
    "path": "plugin://plugin.video.boyvid/bt/cat/39/blond-boys/p/1",
    "label2": "39",
    "icon": "resources/imgbt/39.jpg",
    "thumbnail": "resources/imgbt/39.jpg",
    "label": "Blond Boys"
  },
  {
    "path": "plugin://plugin.video.boyvid/bt/cat/47/cartoons/p/1",
    "label2": "47",
    "icon": "resources/imgbt/47.jpg",
    "thumbnail": "resources/imgbt/47.jpg",
    "label": "Cartoons"
  },
  {
    "path": "plugin://plugin.video.boyvid/bt/cat/9/cum-shots/p/1",
    "label2": "9",
    "icon": "resources/imgbt/9.jpg",
    "thumbnail": "resources/imgbt/9.jpg",
    "label": "Cum Shots"
  },
  {
    "path": "plugin://plugin.video.boyvid/bt/cat/36/father-and-son/p/1",
    "label2": "36",
    "icon": "resources/imgbt/36.jpg",
    "thumbnail": "resources/imgbt/36.jpg",
    "label": "Father and Son"
  },
  {
    "path": "plugin://plugin.video.boyvid/bt/cat/11/fetish/p/1",
    "label2": "11",
    "icon": "resources/imgbt/11.jpg",
    "thumbnail": "resources/imgbt/11.jpg",
    "label": "Fetish"
  },
  {
    "path": "plugin://plugin.video.boyvid/bt/cat/45/first-time/p/1",
    "label2": "45",
    "icon": "resources/imgbt/45.jpg",
    "thumbnail": "resources/imgbt/45.jpg",
    "label": "First Time"
  },
  {
    "path": "plugin://plugin.video.boyvid/bt/cat/38/foot-fetish/p/1",
    "label2": "38",
    "icon": "resources/imgbt/38.jpg",
    "thumbnail": "resources/imgbt/38.jpg",
    "label": "Foot Fetish"
  },
  {
    "path": "plugin://plugin.video.boyvid/bt/cat/12/frat-guys/p/1",
    "label2": "12",
    "icon": "resources/imgbt/12.jpg",
    "thumbnail": "resources/imgbt/12.jpg",
    "label": "Frat Guys"
  },
  {
    "path": "plugin://plugin.video.boyvid/bt/cat/22/fun/p/1",
    "label2": "22",
    "icon": "resources/imgbt/22.jpg",
    "thumbnail": "resources/imgbt/22.jpg",
    "label": "Fun"
  },
  {
    "path": "plugin://plugin.video.boyvid/bt/cat/13/glory-holes/p/1",
    "label2": "13",
    "icon": "resources/imgbt/13.jpg",
    "thumbnail": "resources/imgbt/13.jpg",
    "label": "Glory Holes"
  },
  {
    "path": "plugin://plugin.video.boyvid/bt/cat/14/group-sex/p/1",
    "label2": "14",
    "icon": "resources/imgbt/14.jpg",
    "thumbnail": "resources/imgbt/14.jpg",
    "label": "Group Sex"
  },
  {
    "path": "plugin://plugin.video.boyvid/bt/cat/44/handjob/p/1",
    "label2": "44",
    "icon": "resources/imgbt/44.jpg",
    "thumbnail": "resources/imgbt/44.jpg",
    "label": "Handjob"
  },
  {
    "path": "plugin://plugin.video.boyvid/bt/cat/15/interracial/p/1",
    "label2": "15",
    "icon": "resources/imgbt/15.jpg",
    "thumbnail": "resources/imgbt/15.jpg",
    "label": "Interracial"
  },
  {
    "path": "plugin://plugin.video.boyvid/bt/cat/16/latino/p/1",
    "label2": "16",
    "icon": "resources/imgbt/16.jpg",
    "thumbnail": "resources/imgbt/16.jpg",
    "label": "Latino"
  },
  {
    "path": "plugin://plugin.video.boyvid/bt/cat/43/medical/p/1",
    "label2": "43",
    "icon": "resources/imgbt/43.jpg",
    "thumbnail": "resources/imgbt/43.jpg",
    "label": "Medical"
  },
  {
    "path": "plugin://plugin.video.boyvid/bt/cat/2/mix/p/1",
    "label2": "2",
    "icon": "resources/imgbt/2.jpg",
    "thumbnail": "resources/imgbt/2.jpg",
    "label": "Mix"
  },
  {
    "path": "plugin://plugin.video.boyvid/bt/cat/3/movies/p/1",
    "label2": "3",
    "icon": "resources/imgbt/3.jpg",
    "thumbnail": "resources/imgbt/3.jpg",
    "label": "Movies"
  },
  {
    "path": "plugin://plugin.video.boyvid/bt/cat/18/muscle-boys/p/1",
    "label2": "18",
    "icon": "resources/imgbt/18.jpg",
    "thumbnail": "resources/imgbt/18.jpg",
    "label": "Muscle Boys"
  },
  {
    "path": "plugin://plugin.video.boyvid/bt/cat/46/music/p/1",
    "label2": "46",
    "icon": "resources/imgbt/46.jpg",
    "thumbnail": "resources/imgbt/46.jpg",
    "label": "Music"
  },
  {
    "path": "plugin://plugin.video.boyvid/bt/cat/17/oral/p/1",
    "label2": "17",
    "icon": "resources/imgbt/17.jpg",
    "thumbnail": "resources/imgbt/17.jpg",
    "label": "Oral"
  },
  {
    "path": "plugin://plugin.video.boyvid/bt/cat/40/public-outside/p/1",
    "label2": "40",
    "icon": "resources/imgbt/40.jpg",
    "thumbnail": "resources/imgbt/40.jpg",
    "label": "Public Outside"
  },
  {
    "path": "plugin://plugin.video.boyvid/bt/cat/48/redheads/p/1",
    "label2": "48",
    "icon": "resources/imgbt/48.jpg",
    "thumbnail": "resources/imgbt/48.jpg",
    "label": "Redheads"
  },
  {
    "path": "plugin://plugin.video.boyvid/bt/cat/32/short-films/p/1",
    "label2": "32",
    "icon": "resources/imgbt/32.jpg",
    "thumbnail": "resources/imgbt/32.jpg",
    "label": "Short Films"
  },
  {
    "path": "plugin://plugin.video.boyvid/bt/cat/34/solo/p/1",
    "label2": "34",
    "icon": "resources/imgbt/34.jpg",
    "thumbnail": "resources/imgbt/34.jpg",
    "label": "Solo"
  },
  {
    "path": "plugin://plugin.video.boyvid/bt/cat/21/straight-boys/p/1",
    "label2": "21",
    "icon": "resources/imgbt/21.jpg",
    "thumbnail": "resources/imgbt/21.jpg",
    "label": "Straight Boys"
  },
  {
    "path": "plugin://plugin.video.boyvid/bt/cat/33/vintage/p/1",
    "label2": "33",
    "icon": "resources/imgbt/33.jpg",
    "thumbnail": "resources/imgbt/33.jpg",
    "label": "Vintage"
  },
  {
    "path": "plugin://plugin.video.boyvid/bt/cat/41/voyeur/p/1",
    "label2": "41",
    "icon": "resources/imgbt/41.jpg",
    "thumbnail": "resources/imgbt/41.jpg",
    "label": "Voyeur"
  },
  {
    "path": "plugin://plugin.video.boyvid/bt/cat/19/web-cam/p/1",
    "label2": "19",
    "icon": "resources/imgbt/19.jpg",
    "thumbnail": "resources/imgbt/19.jpg",
    "label": "Web-Cam"
  }
]