[
  {
    "path": "plugin://plugin.video.boyvid/play/1-6-7-8-7|167877564cf725dde20.mp4",
    "label2": "424335",
    "icon": "http://cdn.gayboystube.com/thumbs/1/6/7/8/7/167877564cf725dde20.mp4/167877564cf725dde20.mp4-1.jpg",
    "thumbnail": "http://cdn.gayboystube.com/thumbs/1/6/7/8/7/167877564cf725dde20.mp4/167877564cf725dde20.mp4-1.jpg",
    "label": "Adrian And Jason"
  },
  {
    "path": "plugin://plugin.video.boyvid/play/2-0-5-5-3|205534564841551062c.mp4",
    "label2": "423460",
    "icon": "http://cdn.gayboystube.com/thumbs/2/0/5/5/3/205534564841551062c.mp4/205534564841551062c.mp4-1.jpg",
    "thumbnail": "http://cdn.gayboystube.com/thumbs/2/0/5/5/3/205534564841551062c.mp4/205534564841551062c.mp4-1.jpg",
    "label": "Slajdy"
  },
  {
    "path": "plugin://plugin.video.boyvid/play/1-6-7-8-7|1678775647cdb03db82.mp4",
    "label2": "423414",
    "icon": "http://cdn.gayboystube.com/thumbs/1/6/7/8/7/1678775647cdb03db82.mp4/1678775647cdb03db82.mp4-2.jpg",
    "thumbnail": "http://cdn.gayboystube.com/thumbs/1/6/7/8/7/1678775647cdb03db82.mp4/1678775647cdb03db82.mp4-2.jpg",
    "label": "Jerry Harris And Jon Elvin"
  },
  {
    "path": "plugin://plugin.video.boyvid/play/4-5-4-4-9|45449563ef8d9852ff.flv",
    "label2": "421962",
    "icon": "http://cdn.gayboystube.com/thumbs/4/5/4/4/9/45449563ef8d9852ff/45449563ef8d9852ff.flv-6.jpg",
    "thumbnail": "http://cdn.gayboystube.com/thumbs/4/5/4/4/9/45449563ef8d9852ff/45449563ef8d9852ff.flv-6.jpg",
    "label": "Guys Of Company G"
  },
  {
    "path": "plugin://plugin.video.boyvid/play/7-7-5-8-5|77585563b94d880907.mp4",
    "label2": "421367",
    "icon": "http://cdn.gayboystube.com/thumbs/7/7/5/8/5/77585563b94d880907.mp4/77585563b94d880907.mp4-3.jpg",
    "thumbnail": "http://cdn.gayboystube.com/thumbs/7/7/5/8/5/77585563b94d880907.mp4/77585563b94d880907.mp4-3.jpg",
    "label": "Boy Cum 66 Compilation "
  },
  {
    "path": "plugin://plugin.video.boyvid/play/2-0-3-3-0|203301563b78a1d81f8.mp4",
    "label2": "421309",
    "icon": "http://cdn.gayboystube.com/thumbs/2/0/3/3/0/203301563b78a1d81f8.mp4/203301563b78a1d81f8.mp4-5.jpg",
    "thumbnail": "http://cdn.gayboystube.com/thumbs/2/0/3/3/0/203301563b78a1d81f8.mp4/203301563b78a1d81f8.mp4-5.jpg",
    "label": "Kinky Gay Teen Enjoying An Awesome Threesome"
  },
  {
    "path": "plugin://plugin.video.boyvid/play/3-3-0-3-1|3303156340614c9db2.mp4",
    "label2": "419984",
    "icon": "http://cdn.gayboystube.com/thumbs/3/3/0/3/1/3303156340614c9db2.mp4/3303156340614c9db2.mp4-5.jpg",
    "thumbnail": "http://cdn.gayboystube.com/thumbs/3/3/0/3/1/3303156340614c9db2.mp4/3303156340614c9db2.mp4-5.jpg",
    "label": "Uni Lad Proves He Is A True Scotsman In His Kilt"
  },
  {
    "path": "plugin://plugin.video.boyvid/play/5-8-9-8-9|5898956322e390413c.mp4",
    "label2": "419636",
    "icon": "http://cdn.gayboystube.com/thumbs/5/8/9/8/9/5898956322e390413c.mp4/5898956322e390413c.mp4-3.jpg",
    "thumbnail": "http://cdn.gayboystube.com/thumbs/5/8/9/8/9/5898956322e390413c.mp4/5898956322e390413c.mp4-3.jpg",
    "label": "Strange"
  },
  {
    "path": "plugin://plugin.video.boyvid/play/1-6-7-8-7|167877563173a3ba841.mp4",
    "label2": "419487",
    "icon": "http://cdn.gayboystube.com/thumbs/1/6/7/8/7/167877563173a3ba841.mp4/167877563173a3ba841.mp4-4.jpg",
    "thumbnail": "http://cdn.gayboystube.com/thumbs/1/6/7/8/7/167877563173a3ba841.mp4/167877563173a3ba841.mp4-4.jpg",
    "label": "Alex And The Two Toms"
  },
  {
    "path": "plugin://plugin.video.boyvid/play/4-5-4-4-9|45449562f24ada25aa.flv",
    "label2": "419096",
    "icon": "http://cdn.gayboystube.com/thumbs/4/5/4/4/9/45449562f24ada25aa/45449562f24ada25aa.flv-6.jpg",
    "thumbnail": "http://cdn.gayboystube.com/thumbs/4/5/4/4/9/45449562f24ada25aa/45449562f24ada25aa.flv-6.jpg",
    "label": "Bb Group Fun"
  },
  {
    "path": "plugin://plugin.video.boyvid/play/3-3-0-3-1|33031562933331e9fd.mp4",
    "label2": "417898",
    "icon": "http://cdn.gayboystube.com/thumbs/3/3/0/3/1/33031562933331e9fd.mp4/33031562933331e9fd.mp4-3.jpg",
    "thumbnail": "http://cdn.gayboystube.com/thumbs/3/3/0/3/1/33031562933331e9fd.mp4/33031562933331e9fd.mp4-3.jpg",
    "label": "Just A Tease On Cam"
  },
  {
    "path": "plugin://plugin.video.boyvid/play/4-5-4-4-9|45449562334c989a03.flv",
    "label2": "416925",
    "icon": "http://cdn.gayboystube.com/thumbs/4/5/4/4/9/45449562334c989a03/45449562334c989a03.flv-7.jpg",
    "thumbnail": "http://cdn.gayboystube.com/thumbs/4/5/4/4/9/45449562334c989a03/45449562334c989a03.flv-7.jpg",
    "label": "Moments With Johan (1996)"
  },
  {
    "path": "plugin://plugin.video.boyvid/play/2-0-1-5-0|2015005621d8382e60e.mp4",
    "label2": "416635",
    "icon": "http://cdn.gayboystube.com/thumbs/2/0/1/5/0/2015005621d8382e60e.mp4/2015005621d8382e60e.mp4-8.jpg",
    "thumbnail": "http://cdn.gayboystube.com/thumbs/2/0/1/5/0/2015005621d8382e60e.mp4/2015005621d8382e60e.mp4-8.jpg",
    "label": "Handsome Boy Wank"
  },
  {
    "path": "plugin://plugin.video.boyvid/play/2-0-1-5-0|201500561dc3e546df3.mp4",
    "label2": "415756",
    "icon": "http://cdn.gayboystube.com/thumbs/2/0/1/5/0/201500561dc3e546df3.wmv/201500561dc3e546df3.wmv-1.jpg",
    "thumbnail": "http://cdn.gayboystube.com/thumbs/2/0/1/5/0/201500561dc3e546df3.wmv/201500561dc3e546df3.wmv-1.jpg",
    "label": "Sexy Ginger Hair Boy"
  },
  {
    "path": "plugin://plugin.video.boyvid/play/1-6-7-8-7|167877561813457b78d.mp4",
    "label2": "414755",
    "icon": "http://cdn.gayboystube.com/thumbs/1/6/7/8/7/167877561813457b78d.mp4/167877561813457b78d.mp4-4.jpg",
    "thumbnail": "http://cdn.gayboystube.com/thumbs/1/6/7/8/7/167877561813457b78d.mp4/167877561813457b78d.mp4-4.jpg",
    "label": "First Timer Roco Rita"
  },
  {
    "path": "plugin://plugin.video.boyvid/play/1-6-1-2-8|1612805617f643b7a58.mp4",
    "label2": "414740",
    "icon": "http://cdn.gayboystube.com/thumbs/1/6/1/2/8/1612805617f643b7a58.mp4/1612805617f643b7a58.mp4-8.jpg",
    "thumbnail": "http://cdn.gayboystube.com/thumbs/1/6/1/2/8/1612805617f643b7a58.mp4/1612805617f643b7a58.mp4-8.jpg",
    "label": "A Couple"
  },
  {
    "path": "plugin://plugin.video.boyvid/play/1-6-7-8-7|1678775616de274e88e.mp4",
    "label2": "414494",
    "icon": "http://cdn.gayboystube.com/thumbs/1/6/7/8/7/1678775616de274e88e.mp4/1678775616de274e88e.mp4-5.jpg",
    "thumbnail": "http://cdn.gayboystube.com/thumbs/1/6/7/8/7/1678775616de274e88e.mp4/1678775616de274e88e.mp4-5.jpg",
    "label": "Causa 516 Gracen Part 2"
  },
  {
    "path": "plugin://plugin.video.boyvid/play/1-6-7-8-7|16787756157ed053d5e.mp4",
    "label2": "414205",
    "icon": "http://cdn.gayboystube.com/thumbs/1/6/7/8/7/16787756157ed053d5e.mp4/16787756157ed053d5e.mp4-3.jpg",
    "thumbnail": "http://cdn.gayboystube.com/thumbs/1/6/7/8/7/16787756157ed053d5e.mp4/16787756157ed053d5e.mp4-3.jpg",
    "label": "Chad Martens And  Dian Howard"
  },
  {
    "path": "plugin://plugin.video.boyvid/play/5-1-4-8-5|514855394cc9178590.mp4",
    "label2": "319988",
    "icon": "http://cdn.gayboystube.com/thumbs/5/1/4/8/5/514855394cc9178590.mp4/514855394cc9178590.mp4-6.jpg",
    "thumbnail": "http://cdn.gayboystube.com/thumbs/5/1/4/8/5/514855394cc9178590.mp4/514855394cc9178590.mp4-6.jpg",
    "label": "Nice Threesome"
  },
  {
    "path": "plugin://plugin.video.boyvid/play/1-6-7-8-7|167877560a024c16e29.mp4",
    "label2": "412312",
    "icon": "http://cdn.gayboystube.com/thumbs/1/6/7/8/7/167877560a024c16e29.mp4/167877560a024c16e29.mp4-2.jpg",
    "thumbnail": "http://cdn.gayboystube.com/thumbs/1/6/7/8/7/167877560a024c16e29.mp4/167877560a024c16e29.mp4-2.jpg",
    "label": "Jirka Mendez And  Paul Hunter"
  },
  {
    "path": "plugin://plugin.video.boyvid/play/2-0-1-5-0|201500560876bdc0c22.mp4",
    "label2": "412027",
    "icon": "http://cdn.gayboystube.com/thumbs/2/0/1/5/0/201500560876bdc0c22.mp4/201500560876bdc0c22.mp4-8.jpg",
    "thumbnail": "http://cdn.gayboystube.com/thumbs/2/0/1/5/0/201500560876bdc0c22.mp4/201500560876bdc0c22.mp4-8.jpg",
    "label": "Two Wanking Boys"
  },
  {
    "path": "plugin://plugin.video.boyvid/play/1-8-1-8-7|18187056054b4843f6f.mp4",
    "label2": "411456",
    "icon": "http://cdn.gayboystube.com/thumbs/1/8/1/8/7/18187056054b4843f6f.mp4/18187056054b4843f6f.mp4-2.jpg",
    "thumbnail": "http://cdn.gayboystube.com/thumbs/1/8/1/8/7/18187056054b4843f6f.mp4/18187056054b4843f6f.mp4-2.jpg",
    "label": "Skater Leo"
  },
  {
    "path": "plugin://plugin.video.boyvid/play/3-3-0-3-1|330315602f90543f8f.mp4",
    "label2": "411139",
    "icon": "http://cdn.gayboystube.com/thumbs/3/3/0/3/1/330315602f90543f8f.mp4/330315602f90543f8f.mp4-2.jpg",
    "thumbnail": "http://cdn.gayboystube.com/thumbs/3/3/0/3/1/330315602f90543f8f.mp4/330315602f90543f8f.mp4-2.jpg",
    "label": "Vine Compilation Of Hottest Boys Naked"
  },
  {
    "path": "plugin://plugin.video.boyvid/play/2-0-1-5-0|20150055ff48d9c93dd.mp4",
    "label2": "410649",
    "icon": "http://cdn.gayboystube.com/thumbs/2/0/1/5/0/20150055ff48d9c93dd.mp4/20150055ff48d9c93dd.mp4-6.jpg",
    "thumbnail": "http://cdn.gayboystube.com/thumbs/2/0/1/5/0/20150055ff48d9c93dd.mp4/20150055ff48d9c93dd.mp4-6.jpg",
    "label": "Sexy Boy Wank And Eats His Cum"
  },
  {
    "path": "plugin://plugin.video.boyvid/play/7-7-5-8-5|7758555fb99ae4af80.mp4",
    "label2": "410088",
    "icon": "http://cdn.gayboystube.com/thumbs/7/7/5/8/5/7758555fb99ae4af80.mp4/7758555fb99ae4af80.mp4-3.jpg",
    "thumbnail": "http://cdn.gayboystube.com/thumbs/7/7/5/8/5/7758555fb99ae4af80.mp4/7758555fb99ae4af80.mp4-3.jpg",
    "label": "2 Cute Latin Cum Stars "
  },
  {
    "path": "plugin://plugin.video.boyvid/play/1-6-7-8-7|16787755f07a7b2ca42.mp4",
    "label2": "408330",
    "icon": "http://cdn.gayboystube.com/thumbs/1/6/7/8/7/16787755f07a7b2ca42.mp4/16787755f07a7b2ca42.mp4-5.jpg",
    "thumbnail": "http://cdn.gayboystube.com/thumbs/1/6/7/8/7/16787755f07a7b2ca42.mp4/16787755f07a7b2ca42.mp4-5.jpg",
    "label": "Josh And Dennis Of Badpuppy"
  },
  {
    "path": "plugin://plugin.video.boyvid/play/1-5-7-7-6|15776755ec41af790b7.mp4",
    "label2": "407589",
    "icon": "http://cdn.gayboystube.com/thumbs/1/5/7/7/6/15776755ec41af790b7.mp4/15776755ec41af790b7.mp4-5.jpg",
    "thumbnail": "http://cdn.gayboystube.com/thumbs/1/5/7/7/6/15776755ec41af790b7.mp4/15776755ec41af790b7.mp4-5.jpg",
    "label": "Brock Hot Smoothie Young Boy "
  },
  {
    "path": "plugin://plugin.video.boyvid/play/1-1-1-9-4|11194955eb71b7c6f96.mp4",
    "label2": "407516",
    "icon": "http://cdn.gayboystube.com/thumbs/1/1/1/9/4/11194955eb71b7c6f96.wmv/11194955eb71b7c6f96.wmv-8.jpg",
    "thumbnail": "http://cdn.gayboystube.com/thumbs/1/1/1/9/4/11194955eb71b7c6f96.wmv/11194955eb71b7c6f96.wmv-8.jpg",
    "label": "Str8 Blond Stud Fucks Me, I Suck Him Off"
  },
  {
    "path": "plugin://plugin.video.boyvid/play/1-7-4-4-0|17440955e95e8aee319.mp4",
    "label2": "407210",
    "icon": "http://cdn.gayboystube.com/thumbs/1/7/4/4/0/17440955e95e8aee319.mp4/17440955e95e8aee319.mp4-6.jpg",
    "thumbnail": "http://cdn.gayboystube.com/thumbs/1/7/4/4/0/17440955e95e8aee319.mp4/17440955e95e8aee319.mp4-6.jpg",
    "label": "The Boys On The Block"
  },
  {
    "path": "plugin://plugin.video.boyvid/play/1-6-4-3-4|16434155d986a37effa.mp4",
    "label2": "404624",
    "icon": "http://cdn.gayboystube.com/thumbs/1/6/4/3/4/16434155d986a37effa.mp4/16434155d986a37effa.mp4-4.jpg",
    "thumbnail": "http://cdn.gayboystube.com/thumbs/1/6/4/3/4/16434155d986a37effa.mp4/16434155d986a37effa.mp4-4.jpg",
    "label": "Get On A Bus"
  },
  {
    "path": "plugin://plugin.video.boyvid/play/1-5-3-9-2|15392155d8cc8386529.mp4",
    "label2": "404531",
    "icon": "http://cdn.gayboystube.com/thumbs/1/5/3/9/2/15392155d8cc8386529.wmv/15392155d8cc8386529.wmv-7.jpg",
    "thumbnail": "http://cdn.gayboystube.com/thumbs/1/5/3/9/2/15392155d8cc8386529.wmv/15392155d8cc8386529.wmv-7.jpg",
    "label": "Cute Blonde Twink C97"
  },
  {
    "path": "plugin://plugin.video.boyvid/play/1-6-7-8-7|16787755d77fb41c902.mp4",
    "label2": "404284",
    "icon": "http://cdn.gayboystube.com/thumbs/1/6/7/8/7/16787755d77fb41c902.mp4/16787755d77fb41c902.mp4-5.jpg",
    "thumbnail": "http://cdn.gayboystube.com/thumbs/1/6/7/8/7/16787755d77fb41c902.mp4/16787755d77fb41c902.mp4-5.jpg",
    "label": "Julian And Jonathan"
  },
  {
    "path": "plugin://plugin.video.boyvid/play/1-6-7-8-7|16787755d61cbb30237.mp4",
    "label2": "404073",
    "icon": "http://cdn.gayboystube.com/thumbs/1/6/7/8/7/16787755d61cbb30237.mp4/16787755d61cbb30237.mp4-7.jpg",
    "thumbnail": "http://cdn.gayboystube.com/thumbs/1/6/7/8/7/16787755d61cbb30237.mp4/16787755d61cbb30237.mp4-7.jpg",
    "label": "Classic Causa 237 Mitch"
  },
  {
    "path": "plugin://plugin.video.boyvid/play/1-6-7-8-7|16787755d36336440d6.mp4",
    "label2": "403650",
    "icon": "http://cdn.gayboystube.com/thumbs/1/6/7/8/7/16787755d36336440d6.mp4/16787755d36336440d6.mp4-3.jpg",
    "thumbnail": "http://cdn.gayboystube.com/thumbs/1/6/7/8/7/16787755d36336440d6.mp4/16787755d36336440d6.mp4-3.jpg",
    "label": "Petr And Laco"
  },
  {
    "path": "plugin://plugin.video.boyvid/play/1-6-7-8-7|16787755ce182b5abeb.mp4",
    "label2": "402706",
    "icon": "http://cdn.gayboystube.com/thumbs/1/6/7/8/7/16787755ce182b5abeb.mp4/16787755ce182b5abeb.mp4-3.jpg",
    "thumbnail": "http://cdn.gayboystube.com/thumbs/1/6/7/8/7/16787755ce182b5abeb.mp4/16787755ce182b5abeb.mp4-3.jpg",
    "label": "Causa 510 Adrian Part 2"
  },
  {
    "path": "plugin://plugin.video.boyvid/play/3-3-0-3-1|3303155ce7016c05ae.mp4",
    "label2": "402789",
    "icon": "http://cdn.gayboystube.com/thumbs/3/3/0/3/1/3303155ce7016c05ae.mp4/3303155ce7016c05ae.mp4-2.jpg",
    "thumbnail": "http://cdn.gayboystube.com/thumbs/3/3/0/3/1/3303155ce7016c05ae.mp4/3303155ce7016c05ae.mp4-2.jpg",
    "label": "Meet Matt Klein"
  },
  {
    "path": "plugin://plugin.video.boyvid/play/3-3-0-3-1|3303155c7cd340bbce.mp4",
    "label2": "401453",
    "icon": "http://cdn.gayboystube.com/thumbs/3/3/0/3/1/3303155c7cd340bbce.mp4/3303155c7cd340bbce.mp4-5.jpg",
    "thumbnail": "http://cdn.gayboystube.com/thumbs/3/3/0/3/1/3303155c7cd340bbce.mp4/3303155c7cd340bbce.mp4-5.jpg",
    "label": "Classroom Fucking"
  },
  {
    "path": "plugin://plugin.video.boyvid/play/3-3-0-3-1|3303155c6910c324e0.mp4",
    "label2": "401217",
    "icon": "http://cdn.gayboystube.com/thumbs/3/3/0/3/1/3303155c6910c324e0.mp4/3303155c6910c324e0.mp4-3.jpg",
    "thumbnail": "http://cdn.gayboystube.com/thumbs/3/3/0/3/1/3303155c6910c324e0.mp4/3303155c6910c324e0.mp4-3.jpg",
    "label": "Two Boys Fuck At The Party"
  },
  {
    "path": "plugin://plugin.video.boyvid/play/3-3-0-3-1|3303155c50162b4a52.mp4",
    "label2": "400895",
    "icon": "http://cdn.gayboystube.com/thumbs/3/3/0/3/1/3303155c50162b4a52.mp4/3303155c50162b4a52.mp4-1.jpg",
    "thumbnail": "http://cdn.gayboystube.com/thumbs/3/3/0/3/1/3303155c50162b4a52.mp4/3303155c50162b4a52.mp4-1.jpg",
    "label": "Sucking Older In A Hotel"
  },
  {
    "path": "plugin://plugin.video.boyvid/play/1-6-7-8-7|16787755c24e37e3db7.mp4",
    "label2": "400365",
    "icon": "http://cdn.gayboystube.com/thumbs/1/6/7/8/7/16787755c24e37e3db7.mp4/16787755c24e37e3db7.mp4-3.jpg",
    "thumbnail": "http://cdn.gayboystube.com/thumbs/1/6/7/8/7/16787755c24e37e3db7.mp4/16787755c24e37e3db7.mp4-3.jpg",
    "label": "Garry And Deinien Heat Things Up"
  }
]
