[
  {
    "path": "plugin://plugin.video.boyvid/play/2-0-2-2-7|202278564c26dd0d744.mp4",
    "label2": "424196",
    "icon": "http://cdn.gayboystube.com/thumbs/2/0/2/2/7/202278564c26dd0d744.mp4/202278564c26dd0d744.mp4-3.jpg",
    "thumbnail": "http://cdn.gayboystube.com/thumbs/2/0/2/2/7/202278564c26dd0d744.mp4/202278564c26dd0d744.mp4-3.jpg",
    "label": "Amateur Blond Boy Plays With His Cock Boycall"
  },
  {
    "path": "plugin://plugin.video.boyvid/play/2-0-3-1-2|2031235640047d33ebb.mp4",
    "label2": "422135",
    "icon": "http://cdn.gayboystube.com/thumbs/2/0/3/1/2/2031235640047d33ebb.mp4/2031235640047d33ebb.mp4-3.jpg",
    "thumbnail": "http://cdn.gayboystube.com/thumbs/2/0/3/1/2/2031235640047d33ebb.mp4/2031235640047d33ebb.mp4-3.jpg",
    "label": "Look Ma, No Hands"
  },
  {
    "path": "plugin://plugin.video.boyvid/play/4-3-1-6-7|43167563d6ae4eb12b.mp4",
    "label2": "421739",
    "icon": "http://cdn.gayboystube.com/thumbs/4/3/1/6/7/43167563d6ae4eb12b.mp4/43167563d6ae4eb12b.mp4-8.jpg",
    "thumbnail": "http://cdn.gayboystube.com/thumbs/4/3/1/6/7/43167563d6ae4eb12b.mp4/43167563d6ae4eb12b.mp4-8.jpg",
    "label": "Surpise !"
  },
  {
    "path": "plugin://plugin.video.boyvid/play/1-8-0-4-7|18047856355c5d37d81.mp4",
    "label2": "420224",
    "icon": "http://cdn.gayboystube.com/thumbs/1/8/0/4/7/18047856355c5d37d81.mp4/18047856355c5d37d81.mp4-4.jpg",
    "thumbnail": "http://cdn.gayboystube.com/thumbs/1/8/0/4/7/18047856355c5d37d81.mp4/18047856355c5d37d81.mp4-4.jpg",
    "label": "Hot Asians Fucking"
  },
  {
    "path": "plugin://plugin.video.boyvid/play/5-8-9-8-9|5898956322e390413c.mp4",
    "label2": "419636",
    "icon": "http://cdn.gayboystube.com/thumbs/5/8/9/8/9/5898956322e390413c.mp4/5898956322e390413c.mp4-3.jpg",
    "thumbnail": "http://cdn.gayboystube.com/thumbs/5/8/9/8/9/5898956322e390413c.mp4/5898956322e390413c.mp4-3.jpg",
    "label": "Strange"
  },
  {
    "path": "plugin://plugin.video.boyvid/play/1-3-0-4-5|130454562e4d1133d01.mp4",
    "label2": "418920",
    "icon": "http://cdn.gayboystube.com/thumbs/1/3/0/4/5/130454562e4d1133d01.mp4/130454562e4d1133d01.mp4-1.jpg",
    "thumbnail": "http://cdn.gayboystube.com/thumbs/1/3/0/4/5/130454562e4d1133d01.mp4/130454562e4d1133d01.mp4-1.jpg",
    "label": "Off With The Jocks...And In With The Cocks"
  },
  {
    "path": "plugin://plugin.video.boyvid/play/3-3-0-3-1|33031562dc4970a517.mp4",
    "label2": "418796",
    "icon": "http://cdn.gayboystube.com/thumbs/3/3/0/3/1/33031562dc4970a517.mp4/33031562dc4970a517.mp4-2.jpg",
    "thumbnail": "http://cdn.gayboystube.com/thumbs/3/3/0/3/1/33031562dc4970a517.mp4/33031562dc4970a517.mp4-2.jpg",
    "label": "Boys In Public Showers Compilation Videos"
  },
  {
    "path": "plugin://plugin.video.boyvid/play/1-3-0-4-5|1304545627ea76156c3.mp4",
    "label2": "417718",
    "icon": "http://cdn.gayboystube.com/thumbs/1/3/0/4/5/1304545627ea76156c3.mp4/1304545627ea76156c3.mp4-1.jpg",
    "thumbnail": "http://cdn.gayboystube.com/thumbs/1/3/0/4/5/1304545627ea76156c3.mp4/1304545627ea76156c3.mp4-1.jpg",
    "label": "Blindfolded And Barebacked"
  },
  {
    "path": "plugin://plugin.video.boyvid/play/4-5-4-4-9|45449562334c989a03.flv",
    "label2": "416925",
    "icon": "http://cdn.gayboystube.com/thumbs/4/5/4/4/9/45449562334c989a03/45449562334c989a03.flv-7.jpg",
    "thumbnail": "http://cdn.gayboystube.com/thumbs/4/5/4/4/9/45449562334c989a03/45449562334c989a03.flv-7.jpg",
    "label": "Moments With Johan (1996)"
  },
  {
    "path": "plugin://plugin.video.boyvid/play/1-9-4-9-0|194905561d5ab61b0c3.mp4",
    "label2": "415725",
    "icon": "http://cdn.gayboystube.com/thumbs/1/9/4/9/0/194905561d5ab61b0c3.mp4/194905561d5ab61b0c3.mp4-7.jpg",
    "thumbnail": "http://cdn.gayboystube.com/thumbs/1/9/4/9/0/194905561d5ab61b0c3.mp4/194905561d5ab61b0c3.mp4-7.jpg",
    "label": "Hot Fuck"
  },
  {
    "path": "plugin://plugin.video.boyvid/play/3-3-3-8-5|33385561a54a6bacb3.mp4",
    "label2": "415145",
    "icon": "http://cdn.gayboystube.com/thumbs/3/3/3/8/5/33385561a54a6bacb3.mp4/33385561a54a6bacb3.mp4-2.jpg",
    "thumbnail": "http://cdn.gayboystube.com/thumbs/3/3/3/8/5/33385561a54a6bacb3.mp4/33385561a54a6bacb3.mp4-2.jpg",
    "label": "Keean Johnson Underwear Dance"
  },
  {
    "path": "plugin://plugin.video.boyvid/play/5-8-9-8-9|5898956164ee5b249c.mp4",
    "label2": "414354",
    "icon": "http://cdn.gayboystube.com/thumbs/5/8/9/8/9/5898956164ee5b249c.mp4/5898956164ee5b249c.mp4-7.jpg",
    "thumbnail": "http://cdn.gayboystube.com/thumbs/5/8/9/8/9/5898956164ee5b249c.mp4/5898956164ee5b249c.mp4-7.jpg",
    "label": "2014 Obediencia Perfecta"
  },
  {
    "path": "plugin://plugin.video.boyvid/play/2-0-2-6-0|2026065612b504d8f6e.mp4",
    "label2": "413700",
    "icon": "http://cdn.gayboystube.com/thumbs/2/0/2/6/0/2026065612b504d8f6e.mp4/2026065612b504d8f6e.mp4-3.jpg",
    "thumbnail": "http://cdn.gayboystube.com/thumbs/2/0/2/6/0/2026065612b504d8f6e.mp4/2026065612b504d8f6e.mp4-3.jpg",
    "label": "The Pool (1998, Full Movie)"
  },
  {
    "path": "plugin://plugin.video.boyvid/play/2-0-2-6-0|202606560fd6423d0c9.mp4",
    "label2": "413187",
    "icon": "http://cdn.gayboystube.com/thumbs/2/0/2/6/0/202606560fd6423d0c9.mp4/202606560fd6423d0c9.mp4-6.jpg",
    "thumbnail": "http://cdn.gayboystube.com/thumbs/2/0/2/6/0/202606560fd6423d0c9.mp4/202606560fd6423d0c9.mp4-6.jpg",
    "label": "The Chain Reaction (1995, Full Movie)"
  },
  {
    "path": "plugin://plugin.video.boyvid/play/2-0-2-3-4|202349560a30a7c35fd.mp4",
    "label2": "412330",
    "icon": "http://cdn.gayboystube.com/thumbs/2/0/2/3/4/202349560a30a7c35fd.mp4/202349560a30a7c35fd.mp4-2.jpg",
    "thumbnail": "http://cdn.gayboystube.com/thumbs/2/0/2/3/4/202349560a30a7c35fd.mp4/202349560a30a7c35fd.mp4-2.jpg",
    "label": "Clip From The Blue Lagoon"
  },
  {
    "path": "plugin://plugin.video.boyvid/play/5-6-2-5-2|56252560473c3e4bfd.mp4",
    "label2": "411356",
    "icon": "http://cdn.gayboystube.com/thumbs/5/6/2/5/2/56252560473c3e4bfd.mp4/56252560473c3e4bfd.mp4-8.jpg",
    "thumbnail": "http://cdn.gayboystube.com/thumbs/5/6/2/5/2/56252560473c3e4bfd.mp4/56252560473c3e4bfd.mp4-8.jpg",
    "label": "Caged"
  },
  {
    "path": "plugin://plugin.video.boyvid/play/7-7-5-8-5|7758555fe7973d676f.mp4",
    "label2": "410529",
    "icon": "http://cdn.gayboystube.com/thumbs/7/7/5/8/5/7758555fe7973d676f.mp4/7758555fe7973d676f.mp4-2.jpg",
    "thumbnail": "http://cdn.gayboystube.com/thumbs/7/7/5/8/5/7758555fe7973d676f.mp4/7758555fe7973d676f.mp4-2.jpg",
    "label": "Wrecked "
  },
  {
    "path": "plugin://plugin.video.boyvid/play/1-6-8-9-8|16898855f4fa583b21a.mp4",
    "label2": "409033",
    "icon": "http://cdn.gayboystube.com/thumbs/1/6/8/9/8/16898855f4fa583b21a.wmv/16898855f4fa583b21a.wmv-8.jpg",
    "thumbnail": "http://cdn.gayboystube.com/thumbs/1/6/8/9/8/16898855f4fa583b21a.wmv/16898855f4fa583b21a.wmv-8.jpg",
    "label": "To Catch A Criminal"
  },
  {
    "path": "plugin://plugin.video.boyvid/play/1-6-8-8-0|16880455f3d8d7a00e6.mp4",
    "label2": "408811",
    "icon": "http://cdn.gayboystube.com/thumbs/1/6/8/8/0/16880455f3d8d7a00e6.wmv/16880455f3d8d7a00e6.wmv-6.jpg",
    "thumbnail": "http://cdn.gayboystube.com/thumbs/1/6/8/8/0/16880455f3d8d7a00e6.wmv/16880455f3d8d7a00e6.wmv-6.jpg",
    "label": "Cute Twinks Fucking Angels With Tethered Wings Corey Haynes"
  },
  {
    "path": "plugin://plugin.video.boyvid/play/7-7-5-8-5|7758555efb7377b04e.mp4",
    "label2": "408193",
    "icon": "http://cdn.gayboystube.com/thumbs/7/7/5/8/5/7758555efb7377b04e.avi/7758555efb7377b04e.avi-5.jpg",
    "thumbnail": "http://cdn.gayboystube.com/thumbs/7/7/5/8/5/7758555efb7377b04e.avi/7758555efb7377b04e.avi-5.jpg",
    "label": "Dream Boy Film Excerpts "
  },
  {
    "path": "plugin://plugin.video.boyvid/play/7-2-2-3-1|7223155ecc591eec1d.mp4",
    "label2": "407768",
    "icon": "http://cdn.gayboystube.com/thumbs/7/2/2/3/1/7223155ecc591eec1d.mp4/7223155ecc591eec1d.mp4-4.jpg",
    "thumbnail": "http://cdn.gayboystube.com/thumbs/7/2/2/3/1/7223155ecc591eec1d.mp4/7223155ecc591eec1d.mp4-4.jpg",
    "label": "Brendan Fraser - Gotg"
  },
  {
    "path": "plugin://plugin.video.boyvid/play/1-7-4-4-0|17440955eb37e72e8eb.mp4",
    "label2": "407474",
    "icon": "http://cdn.gayboystube.com/thumbs/1/7/4/4/0/17440955eb37e72e8eb.mp4/17440955eb37e72e8eb.mp4-4.jpg",
    "thumbnail": "http://cdn.gayboystube.com/thumbs/1/7/4/4/0/17440955eb37e72e8eb.mp4/17440955eb37e72e8eb.mp4-4.jpg",
    "label": "Tough Competition (1984 Full Movie)"
  },
  {
    "path": "plugin://plugin.video.boyvid/play/1-7-4-4-0|17440955e95e8aee319.mp4",
    "label2": "407210",
    "icon": "http://cdn.gayboystube.com/thumbs/1/7/4/4/0/17440955e95e8aee319.mp4/17440955e95e8aee319.mp4-6.jpg",
    "thumbnail": "http://cdn.gayboystube.com/thumbs/1/7/4/4/0/17440955e95e8aee319.mp4/17440955e95e8aee319.mp4-6.jpg",
    "label": "The Boys On The Block"
  },
  {
    "path": "plugin://plugin.video.boyvid/play/2-0-0-4-3|20043055e640717f8c1.mp4",
    "label2": "406612",
    "icon": "http://cdn.gayboystube.com/thumbs/2/0/0/4/3/20043055e640717f8c1.mpg/20043055e640717f8c1.mpg-8.jpg",
    "thumbnail": "http://cdn.gayboystube.com/thumbs/2/0/0/4/3/20043055e640717f8c1.mpg/20043055e640717f8c1.mpg-8.jpg",
    "label": "Me By Fucking A Hot Boy In A Hotel"
  },
  {
    "path": "plugin://plugin.video.boyvid/play/4-5-1-5-8|4515855e3a619eb8b7.mp4",
    "label2": "406209",
    "icon": "http://cdn.gayboystube.com/thumbs/4/5/1/5/8/4515855e3a619eb8b7.mp4/4515855e3a619eb8b7.mp4-3.jpg",
    "thumbnail": "http://cdn.gayboystube.com/thumbs/4/5/1/5/8/4515855e3a619eb8b7.mp4/4515855e3a619eb8b7.mp4-3.jpg",
    "label": "Eloi & Biel"
  },
  {
    "path": "plugin://plugin.video.boyvid/play/1-9-9-5-6|19956355e0f9be7e294.mp4",
    "label2": "405806",
    "icon": "http://cdn.gayboystube.com/thumbs/1/9/9/5/6/19956355e0f9be7e294.mp4/19956355e0f9be7e294.mp4-7.jpg",
    "thumbnail": "http://cdn.gayboystube.com/thumbs/1/9/9/5/6/19956355e0f9be7e294.mp4/19956355e0f9be7e294.mp4-7.jpg",
    "label": "Boyz In Love..."
  },
  {
    "path": "plugin://plugin.video.boyvid/play/1-7-4-4-0|17440955de496c9fd6d.mp4",
    "label2": "405406",
    "icon": "http://cdn.gayboystube.com/thumbs/1/7/4/4/0/17440955de496c9fd6d.mp4/17440955de496c9fd6d.mp4-7.jpg",
    "thumbnail": "http://cdn.gayboystube.com/thumbs/1/7/4/4/0/17440955de496c9fd6d.mp4/17440955de496c9fd6d.mp4-7.jpg",
    "label": "Sailor In The Wild"
  },
  {
    "path": "plugin://plugin.video.boyvid/play/9-1-3-7-6|9137655dcedb4819f2.mp4",
    "label2": "405189",
    "icon": "http://cdn.gayboystube.com/thumbs/9/1/3/7/6/9137655dcedb4819f2.mp4/9137655dcedb4819f2.mp4-7.jpg",
    "thumbnail": "http://cdn.gayboystube.com/thumbs/9/1/3/7/6/9137655dcedb4819f2.mp4/9137655dcedb4819f2.mp4-7.jpg",
    "label": "William Showers And Cums "
  },
  {
    "path": "plugin://plugin.video.boyvid/play/1-9-9-7-3|19973955dcdbc966c93.mp4",
    "label2": "405176",
    "icon": "http://cdn.gayboystube.com/thumbs/1/9/9/7/3/19973955dcdbc966c93.wmv/19973955dcdbc966c93.wmv-5.jpg",
    "thumbnail": "http://cdn.gayboystube.com/thumbs/1/9/9/7/3/19973955dcdbc966c93.wmv/19973955dcdbc966c93.wmv-5.jpg",
    "label": "Shed Scene From North Sea Texas"
  },
  {
    "path": "plugin://plugin.video.boyvid/play/4-5-1-5-8|4515855d0c14464642.mp4",
    "label2": "403252",
    "icon": "http://cdn.gayboystube.com/thumbs/4/5/1/5/8/4515855d0c14464642.mp4/4515855d0c14464642.mp4-8.jpg",
    "thumbnail": "http://cdn.gayboystube.com/thumbs/4/5/1/5/8/4515855d0c14464642.mp4/4515855d0c14464642.mp4-8.jpg",
    "label": "Benny - Little Game (Official Video)"
  },
  {
    "path": "plugin://plugin.video.boyvid/play/1-7-4-4-0|17440955d010562e3ad.mp4",
    "label2": "403083",
    "icon": "http://cdn.gayboystube.com/thumbs/1/7/4/4/0/17440955d010562e3ad.mp4/17440955d010562e3ad.mp4-5.jpg",
    "thumbnail": "http://cdn.gayboystube.com/thumbs/1/7/4/4/0/17440955d010562e3ad.mp4/17440955d010562e3ad.mp4-5.jpg",
    "label": "Surfer Blue (Full Movie)"
  },
  {
    "path": "plugin://plugin.video.boyvid/play/9-8-7-4-7|987475279dac70f05d.mp4",
    "label2": "281775",
    "icon": "http://cdn.gayboystube.com/thumbs/9/8/7/4/7/987475279dac70f05d.mp4/987475279dac70f05d.mp4-3.jpg",
    "thumbnail": "http://cdn.gayboystube.com/thumbs/9/8/7/4/7/987475279dac70f05d.mp4/987475279dac70f05d.mp4-3.jpg",
    "label": "Hilarious Penis Song"
  },
  {
    "path": "plugin://plugin.video.boyvid/play/4-5-1-5-8|4515855b19b245d547.mp4",
    "label2": "398020",
    "icon": "http://cdn.gayboystube.com/thumbs/4/5/1/5/8/4515855b19b245d547.mp4/4515855b19b245d547.mp4-2.jpg",
    "thumbnail": "http://cdn.gayboystube.com/thumbs/4/5/1/5/8/4515855b19b245d547.mp4/4515855b19b245d547.mp4-2.jpg",
    "label": "Brace 2013 - Gay Short Movie"
  },
  {
    "path": "plugin://plugin.video.boyvid/play/6-5-7-3-2|6573255a5e9b115f07.mp4",
    "label2": "396323",
    "icon": "http://cdn.gayboystube.com/thumbs/6/5/7/3/2/6573255a5e9b115f07.mp4/6573255a5e9b115f07.mp4-7.jpg",
    "thumbnail": "http://cdn.gayboystube.com/thumbs/6/5/7/3/2/6573255a5e9b115f07.mp4/6573255a5e9b115f07.mp4-7.jpg",
    "label": "Virgin Adventure"
  },
  {
    "path": "plugin://plugin.video.boyvid/play/4-6-2-8-6|46286559301cd63444.mp4",
    "label2": "393315",
    "icon": "http://cdn.gayboystube.com/thumbs/4/6/2/8/6/46286559301cd63444.avi/46286559301cd63444.avi-5.jpg",
    "thumbnail": "http://cdn.gayboystube.com/thumbs/4/6/2/8/6/46286559301cd63444.avi/46286559301cd63444.avi-5.jpg",
    "label": "The Journey Of Jared Price (2000) Gay Themed Movie"
  },
  {
    "path": "plugin://plugin.video.boyvid/play/1-6-3-9-5|163958558e65fa69670.mp4",
    "label2": "392412",
    "icon": "http://cdn.gayboystube.com/thumbs/1/6/3/9/5/163958558e65fa69670.wmv/163958558e65fa69670.wmv-1.jpg",
    "thumbnail": "http://cdn.gayboystube.com/thumbs/1/6/3/9/5/163958558e65fa69670.wmv/163958558e65fa69670.wmv-1.jpg",
    "label": "Sexy Guys Compilation"
  }
]
