[
  {
    "path": "plugin://plugin.video.boyvid/play/1-6-1-2-8|16128056572e4c5de09.mp4",
    "label2": "426091",
    "icon": "http://cdn.gayboystube.com/thumbs/1/6/1/2/8/16128056572e4c5de09.mp4/16128056572e4c5de09.mp4-2.jpg",
    "thumbnail": "http://cdn.gayboystube.com/thumbs/1/6/1/2/8/16128056572e4c5de09.mp4/16128056572e4c5de09.mp4-2.jpg",
    "label": "Nice Cock"
  },
  {
    "path": "plugin://plugin.video.boyvid/play/7-6-3-8-6|7638656572d729f7f6.flv",
    "label2": "426090",
    "icon": "http://cdn.gayboystube.com/thumbs/7/6/3/8/6/7638656572d729f7f6/7638656572d729f7f6.flv-1.jpg",
    "thumbnail": "http://cdn.gayboystube.com/thumbs/7/6/3/8/6/7638656572d729f7f6/7638656572d729f7f6.flv-1.jpg",
    "label": "Russian Guys Fuck"
  },
  {
    "path": "plugin://plugin.video.boyvid/play/6-5-7-3-2|6573256572fbae94a0.mp4",
    "label2": "426100",
    "icon": "http://cdn.gayboystube.com/thumbs/6/5/7/3/2/6573256572fbae94a0.mp4/6573256572fbae94a0.mp4-8.jpg",
    "thumbnail": "http://cdn.gayboystube.com/thumbs/6/5/7/3/2/6573256572fbae94a0.mp4/6573256572fbae94a0.mp4-8.jpg",
    "label": "Boys On Film"
  },
  {
    "path": "plugin://plugin.video.boyvid/play/1-6-1-2-8|1612805657524f149e4.flv",
    "label2": "426117",
    "icon": "http://cdn.gayboystube.com/thumbs/1/6/1/2/8/1612805657524f149e4/1612805657524f149e4.flv-4.jpg",
    "thumbnail": "http://cdn.gayboystube.com/thumbs/1/6/1/2/8/1612805657524f149e4/1612805657524f149e4.flv-4.jpg",
    "label": "With Sneakers"
  },
  {
    "path": "plugin://plugin.video.boyvid/play/1-6-1-2-8|161280565753d2df2a3.flv",
    "label2": "426121",
    "icon": "http://cdn.gayboystube.com/thumbs/1/6/1/2/8/161280565753d2df2a3/161280565753d2df2a3.flv-8.jpg",
    "thumbnail": "http://cdn.gayboystube.com/thumbs/1/6/1/2/8/161280565753d2df2a3/161280565753d2df2a3.flv-8.jpg",
    "label": "Bad Day For Go Visit"
  },
  {
    "path": "plugin://plugin.video.boyvid/play/1-6-1-2-8|16128056572b408df86.mp4",
    "label2": "426089",
    "icon": "http://cdn.gayboystube.com/thumbs/1/6/1/2/8/16128056572b408df86.mp4/16128056572b408df86.mp4-8.jpg",
    "thumbnail": "http://cdn.gayboystube.com/thumbs/1/6/1/2/8/16128056572b408df86.mp4/16128056572b408df86.mp4-8.jpg",
    "label": "Couple Who Want"
  },
  {
    "path": "plugin://plugin.video.boyvid/play/1-6-1-2-8|16128056572a2c2edb4.mp4",
    "label2": "426086",
    "icon": "http://cdn.gayboystube.com/thumbs/1/6/1/2/8/16128056572a2c2edb4.mp4/16128056572a2c2edb4.mp4-1.jpg",
    "thumbnail": "http://cdn.gayboystube.com/thumbs/1/6/1/2/8/16128056572a2c2edb4.mp4/16128056572a2c2edb4.mp4-1.jpg",
    "label": "Three Young Blond"
  },
  {
    "path": "plugin://plugin.video.boyvid/play/1-9-7-4-5|1974565657194341a2e.mp4",
    "label2": "426064",
    "icon": "http://cdn.gayboystube.com/thumbs/1/9/7/4/5/1974565657194341a2e.wmv/1974565657194341a2e.wmv-7.jpg",
    "thumbnail": "http://cdn.gayboystube.com/thumbs/1/9/7/4/5/1974565657194341a2e.wmv/1974565657194341a2e.wmv-7.jpg",
    "label": "Spunk Spunk Spunk!"
  },
  {
    "path": "plugin://plugin.video.boyvid/play/1-6-1-2-8|161280565720f9b8ffd.mp4",
    "label2": "426071",
    "icon": "http://cdn.gayboystube.com/thumbs/1/6/1/2/8/161280565720f9b8ffd.mp4/161280565720f9b8ffd.mp4-5.jpg",
    "thumbnail": "http://cdn.gayboystube.com/thumbs/1/6/1/2/8/161280565720f9b8ffd.mp4/161280565720f9b8ffd.mp4-5.jpg",
    "label": "Beautiful Young Masturbating"
  },
  {
    "path": "plugin://plugin.video.boyvid/play/1-6-1-2-8|16128056571f8a0a386.mp4",
    "label2": "426069",
    "icon": "http://cdn.gayboystube.com/thumbs/1/6/1/2/8/16128056571f8a0a386.mp4/16128056571f8a0a386.mp4-8.jpg",
    "thumbnail": "http://cdn.gayboystube.com/thumbs/1/6/1/2/8/16128056571f8a0a386.mp4/16128056571f8a0a386.mp4-8.jpg",
    "label": "Celebrating Thanksgiving Day"
  },
  {
    "path": "plugin://plugin.video.boyvid/play/1-6-1-2-8|1612805657223be2b18.mp4",
    "label2": "426074",
    "icon": "http://cdn.gayboystube.com/thumbs/1/6/1/2/8/1612805657223be2b18.mp4/1612805657223be2b18.mp4-8.jpg",
    "thumbnail": "http://cdn.gayboystube.com/thumbs/1/6/1/2/8/1612805657223be2b18.mp4/1612805657223be2b18.mp4-8.jpg",
    "label": "With Beautiful Blond Boy"
  },
  {
    "path": "plugin://plugin.video.boyvid/play/1-6-1-2-8|161280565728c37da25.mp4",
    "label2": "426081",
    "icon": "http://cdn.gayboystube.com/thumbs/1/6/1/2/8/161280565728c37da25.mp4/161280565728c37da25.mp4-1.jpg",
    "thumbnail": "http://cdn.gayboystube.com/thumbs/1/6/1/2/8/161280565728c37da25.mp4/161280565728c37da25.mp4-1.jpg",
    "label": "Beautiful Young In The Bathroom"
  },
  {
    "path": "plugin://plugin.video.boyvid/play/1-6-1-2-8|1612805657291fad079.mp4",
    "label2": "426083",
    "icon": "http://cdn.gayboystube.com/thumbs/1/6/1/2/8/1612805657291fad079.mp4/1612805657291fad079.mp4-8.jpg",
    "thumbnail": "http://cdn.gayboystube.com/thumbs/1/6/1/2/8/1612805657291fad079.mp4/1612805657291fad079.mp4-8.jpg",
    "label": "Caught While Masturbating"
  },
  {
    "path": "plugin://plugin.video.boyvid/play/1-6-1-2-8|16128056572aa94886c.mp4",
    "label2": "426087",
    "icon": "http://cdn.gayboystube.com/thumbs/1/6/1/2/8/16128056572aa94886c.mp4/16128056572aa94886c.mp4-4.jpg",
    "thumbnail": "http://cdn.gayboystube.com/thumbs/1/6/1/2/8/16128056572aa94886c.mp4/16128056572aa94886c.mp4-4.jpg",
    "label": "For Breakfast, Happiness"
  },
  {
    "path": "plugin://plugin.video.boyvid/play/2-0-5-9-9|2059955657084a588da.mp4",
    "label2": "426034",
    "icon": "http://cdn.gayboystube.com/thumbs/2/0/5/9/9/2059955657084a588da.mp4/2059955657084a588da.mp4-6.jpg",
    "thumbnail": "http://cdn.gayboystube.com/thumbs/2/0/5/9/9/2059955657084a588da.mp4/2059955657084a588da.mp4-6.jpg",
    "label": "Cute Aussie Cums All Over His Face"
  },
  {
    "path": "plugin://plugin.video.boyvid/play/1-7-5-3-4|175346565708e2701d0.mp4",
    "label2": "426035",
    "icon": "http://cdn.gayboystube.com/thumbs/1/7/5/3/4/175346565708e2701d0.mp4/175346565708e2701d0.mp4-1.jpg",
    "thumbnail": "http://cdn.gayboystube.com/thumbs/1/7/5/3/4/175346565708e2701d0.mp4/175346565708e2701d0.mp4-1.jpg",
    "label": "Ggbt Having A Quick Pull"
  },
  {
    "path": "plugin://plugin.video.boyvid/play/5-5-4-9-1|554915656bb989d3a6.mp4",
    "label2": "426020",
    "icon": "http://cdn.gayboystube.com/thumbs/5/5/4/9/1/554915656bb989d3a6.mp4/554915656bb989d3a6.mp4-2.jpg",
    "thumbnail": "http://cdn.gayboystube.com/thumbs/5/5/4/9/1/554915656bb989d3a6.mp4/554915656bb989d3a6.mp4-2.jpg",
    "label": "Getting Head In The Sand Dunes"
  },
  {
    "path": "plugin://plugin.video.boyvid/play/6-5-7-3-2|657325656a0d62d3f7.mp4",
    "label2": "426014",
    "icon": "http://cdn.gayboystube.com/thumbs/6/5/7/3/2/657325656a0d62d3f7.mp4/657325656a0d62d3f7.mp4-6.jpg",
    "thumbnail": "http://cdn.gayboystube.com/thumbs/6/5/7/3/2/657325656a0d62d3f7.mp4/657325656a0d62d3f7.mp4-6.jpg",
    "label": "Bare Ass Fuckers"
  },
  {
    "path": "plugin://plugin.video.boyvid/play/6-5-7-3-2|6573256569054ce7a0.mp4",
    "label2": "426003",
    "icon": "http://cdn.gayboystube.com/thumbs/6/5/7/3/2/6573256569054ce7a0.mp4/6573256569054ce7a0.mp4-6.jpg",
    "thumbnail": "http://cdn.gayboystube.com/thumbs/6/5/7/3/2/6573256569054ce7a0.mp4/6573256569054ce7a0.mp4-6.jpg",
    "label": "Wankers Watching"
  },
  {
    "path": "plugin://plugin.video.boyvid/play/6-5-7-3-2|6573256568cd298655.mp4",
    "label2": "426002",
    "icon": "http://cdn.gayboystube.com/thumbs/6/5/7/3/2/6573256568cd298655.mp4/6573256568cd298655.mp4-4.jpg",
    "thumbnail": "http://cdn.gayboystube.com/thumbs/6/5/7/3/2/6573256568cd298655.mp4/6573256568cd298655.mp4-4.jpg",
    "label": "Bathroom Buddies"
  },
  {
    "path": "plugin://plugin.video.boyvid/play/1-7-9-9-7|179974565652c375ddc.mp4",
    "label2": "425972",
    "icon": "http://cdn.gayboystube.com/thumbs/1/7/9/9/7/179974565652c375ddc.wmv/179974565652c375ddc.wmv-5.jpg",
    "thumbnail": "http://cdn.gayboystube.com/thumbs/1/7/9/9/7/179974565652c375ddc.wmv/179974565652c375ddc.wmv-5.jpg",
    "label": "Video 3"
  },
  {
    "path": "plugin://plugin.video.boyvid/play/2-0-6-2-1|20621056561f10d9177.mp4",
    "label2": "425932",
    "icon": "http://cdn.gayboystube.com/thumbs/2/0/6/2/1/20621056561f10d9177.mp4/20621056561f10d9177.mp4-8.jpg",
    "thumbnail": "http://cdn.gayboystube.com/thumbs/2/0/6/2/1/20621056561f10d9177.mp4/20621056561f10d9177.mp4-8.jpg",
    "label": "Straight Military Guy Fucking Gay Bareback"
  },
  {
    "path": "plugin://plugin.video.boyvid/play/1-6-1-2-8|16128056561815740fd.mp4",
    "label2": "425922",
    "icon": "http://cdn.gayboystube.com/thumbs/1/6/1/2/8/16128056561815740fd.mp4/16128056561815740fd.mp4-8.jpg",
    "thumbnail": "http://cdn.gayboystube.com/thumbs/1/6/1/2/8/16128056561815740fd.mp4/16128056561815740fd.mp4-8.jpg",
    "label": "Sweet Boy"
  },
  {
    "path": "plugin://plugin.video.boyvid/play/2-0-6-2-1|20621056561e69a572b.mp4",
    "label2": "425931",
    "icon": "http://cdn.gayboystube.com/thumbs/2/0/6/2/1/20621056561e69a572b.mp4/20621056561e69a572b.mp4-7.jpg",
    "thumbnail": "http://cdn.gayboystube.com/thumbs/2/0/6/2/1/20621056561e69a572b.mp4/20621056561e69a572b.mp4-7.jpg",
    "label": "Repair Guy Blowing Home Alone Twink "
  },
  {
    "path": "plugin://plugin.video.boyvid/play/2-0-6-2-1|20621056561e2d11b6d.mp4",
    "label2": "425930",
    "icon": "http://cdn.gayboystube.com/thumbs/2/0/6/2/1/20621056561e2d11b6d.mp4/20621056561e2d11b6d.mp4-7.jpg",
    "thumbnail": "http://cdn.gayboystube.com/thumbs/2/0/6/2/1/20621056561e2d11b6d.mp4/20621056561e2d11b6d.mp4-7.jpg",
    "label": "Muscular College Twink Showing Off His Nude Body"
  },
  {
    "path": "plugin://plugin.video.boyvid/play/2-0-6-2-1|20621056561fea43848.mp4",
    "label2": "425934",
    "icon": "http://cdn.gayboystube.com/thumbs/2/0/6/2/1/20621056561fea43848.mp4/20621056561fea43848.mp4-8.jpg",
    "thumbnail": "http://cdn.gayboystube.com/thumbs/2/0/6/2/1/20621056561fea43848.mp4/20621056561fea43848.mp4-8.jpg",
    "label": "Amateur Twink Solo Masturbation"
  },
  {
    "path": "plugin://plugin.video.boyvid/play/2-0-6-2-1|206210565620628588d.mp4",
    "label2": "425935",
    "icon": "http://cdn.gayboystube.com/thumbs/2/0/6/2/1/206210565620628588d.mp4/206210565620628588d.mp4-6.jpg",
    "thumbnail": "http://cdn.gayboystube.com/thumbs/2/0/6/2/1/206210565620628588d.mp4/206210565620628588d.mp4-6.jpg",
    "label": "Cute Amateurs Blowjob And Bareback Fuck"
  },
  {
    "path": "plugin://plugin.video.boyvid/play/2-0-6-2-1|206210565620df2e2b5.mp4",
    "label2": "425936",
    "icon": "http://cdn.gayboystube.com/thumbs/2/0/6/2/1/206210565620df2e2b5.mp4/206210565620df2e2b5.mp4-1.jpg",
    "thumbnail": "http://cdn.gayboystube.com/thumbs/2/0/6/2/1/206210565620df2e2b5.mp4/206210565620df2e2b5.mp4-1.jpg",
    "label": "Hot Straight Twinks Fuck On Webcam"
  },
  {
    "path": "plugin://plugin.video.boyvid/play/2-0-6-2-1|2062105656215651f20.mp4",
    "label2": "425937",
    "icon": "http://cdn.gayboystube.com/thumbs/2/0/6/2/1/2062105656215651f20.mp4/2062105656215651f20.mp4-7.jpg",
    "thumbnail": "http://cdn.gayboystube.com/thumbs/2/0/6/2/1/2062105656215651f20.mp4/2062105656215651f20.mp4-7.jpg",
    "label": "Amateur Twink Loves Sucking Dick"
  },
  {
    "path": "plugin://plugin.video.boyvid/play/2-0-6-2-1|2062105656229400e30.mp4",
    "label2": "425940",
    "icon": "http://cdn.gayboystube.com/thumbs/2/0/6/2/1/2062105656229400e30.mp4/2062105656229400e30.mp4-7.jpg",
    "thumbnail": "http://cdn.gayboystube.com/thumbs/2/0/6/2/1/2062105656229400e30.mp4/2062105656229400e30.mp4-7.jpg",
    "label": "Blowjob For College Twink On Break"
  },
  {
    "path": "plugin://plugin.video.boyvid/play/2-0-6-2-1|20621056562300d6142.mp4",
    "label2": "425942",
    "icon": "http://cdn.gayboystube.com/thumbs/2/0/6/2/1/20621056562300d6142.mp4/20621056562300d6142.mp4-6.jpg",
    "thumbnail": "http://cdn.gayboystube.com/thumbs/2/0/6/2/1/20621056562300d6142.mp4/20621056562300d6142.mp4-6.jpg",
    "label": "Frat Guy Dominates His Classmate"
  },
  {
    "path": "plugin://plugin.video.boyvid/play/2-0-6-2-1|20621056562401c5714.mp4",
    "label2": "425945",
    "icon": "http://cdn.gayboystube.com/thumbs/2/0/6/2/1/20621056562401c5714.mp4/20621056562401c5714.mp4-8.jpg",
    "thumbnail": "http://cdn.gayboystube.com/thumbs/2/0/6/2/1/20621056562401c5714.mp4/20621056562401c5714.mp4-8.jpg",
    "label": "Straight Twink Experimenting On Webcam With Dildo"
  },
  {
    "path": "plugin://plugin.video.boyvid/play/2-0-6-2-1|20621056562376f342a.mp4",
    "label2": "425943",
    "icon": "http://cdn.gayboystube.com/thumbs/2/0/6/2/1/20621056562376f342a.mp4/20621056562376f342a.mp4-7.jpg",
    "thumbnail": "http://cdn.gayboystube.com/thumbs/2/0/6/2/1/20621056562376f342a.mp4/20621056562376f342a.mp4-7.jpg",
    "label": "Hunk Deepthroats My Cock At The Gym"
  },
  {
    "path": "plugin://plugin.video.boyvid/play/2-0-6-2-1|206210565623a621146.mp4",
    "label2": "425944",
    "icon": "http://cdn.gayboystube.com/thumbs/2/0/6/2/1/206210565623a621146.mp4/206210565623a621146.mp4-1.jpg",
    "thumbnail": "http://cdn.gayboystube.com/thumbs/2/0/6/2/1/206210565623a621146.mp4/206210565623a621146.mp4-1.jpg",
    "label": "Solo Twink Masturbating And Cumming"
  },
  {
    "path": "plugin://plugin.video.boyvid/play/2-0-6-2-1|206210565624d0cd9e0.mp4",
    "label2": "425947",
    "icon": "http://cdn.gayboystube.com/thumbs/2/0/6/2/1/206210565624d0cd9e0.mp4/206210565624d0cd9e0.mp4-8.jpg",
    "thumbnail": "http://cdn.gayboystube.com/thumbs/2/0/6/2/1/206210565624d0cd9e0.mp4/206210565624d0cd9e0.mp4-8.jpg",
    "label": "Twink Gets Creampie By Bbc"
  },
  {
    "path": "plugin://plugin.video.boyvid/play/1-7-9-9-7|1799745656282708523.mp4",
    "label2": "425950",
    "icon": "http://cdn.gayboystube.com/thumbs/1/7/9/9/7/1799745656282708523.wmv/1799745656282708523.wmv-6.jpg",
    "thumbnail": "http://cdn.gayboystube.com/thumbs/1/7/9/9/7/1799745656282708523.wmv/1799745656282708523.wmv-6.jpg",
    "label": "Video 2"
  },
  {
    "path": "plugin://plugin.video.boyvid/play/1-7-9-9-7|179974565627af0739c.mp4",
    "label2": "425948",
    "icon": "http://cdn.gayboystube.com/thumbs/1/7/9/9/7/179974565627af0739c.wmv/179974565627af0739c.wmv-7.jpg",
    "thumbnail": "http://cdn.gayboystube.com/thumbs/1/7/9/9/7/179974565627af0739c.wmv/179974565627af0739c.wmv-7.jpg",
    "label": "Quikcum"
  },
  {
    "path": "plugin://plugin.video.boyvid/play/2-0-6-2-1|20621056562223c2041.mp4",
    "label2": "425939",
    "icon": "http://cdn.gayboystube.com/thumbs/2/0/6/2/1/20621056562223c2041.mp4/20621056562223c2041.mp4-8.jpg",
    "thumbnail": "http://cdn.gayboystube.com/thumbs/2/0/6/2/1/20621056562223c2041.mp4/20621056562223c2041.mp4-8.jpg",
    "label": "Amateur Twink Blowjob"
  },
  {
    "path": "plugin://plugin.video.boyvid/play/2-0-6-2-1|20621056561db4da834.mp4",
    "label2": "425928",
    "icon": "http://cdn.gayboystube.com/thumbs/2/0/6/2/1/20621056561db4da834.mp4/20621056561db4da834.mp4-6.jpg",
    "thumbnail": "http://cdn.gayboystube.com/thumbs/2/0/6/2/1/20621056561db4da834.mp4/20621056561db4da834.mp4-6.jpg",
    "label": "Face Fucking And Rimming Action"
  },
  {
    "path": "plugin://plugin.video.boyvid/play/2-0-6-2-1|20621056561b458c311.mp4",
    "label2": "425927",
    "icon": "http://cdn.gayboystube.com/thumbs/2/0/6/2/1/20621056561b458c311.mp4/20621056561b458c311.mp4-8.jpg",
    "thumbnail": "http://cdn.gayboystube.com/thumbs/2/0/6/2/1/20621056561b458c311.mp4/20621056561b458c311.mp4-8.jpg",
    "label": "Amateur Twinks Real Fucking"
  },
  {
    "path": "plugin://plugin.video.boyvid/play/1-6-1-2-8|16128056560f71f1c34.flv",
    "label2": "425912",
    "icon": "http://cdn.gayboystube.com/thumbs/1/6/1/2/8/16128056560f71f1c34/16128056560f71f1c34.flv-1.jpg",
    "thumbnail": "http://cdn.gayboystube.com/thumbs/1/6/1/2/8/16128056560f71f1c34/16128056560f71f1c34.flv-1.jpg",
    "label": "Little Kisses"
  }
]
