{
  "catidnum": [
    {
      "item_url": "http://www.gayboystube.com/channels/48/Redheads/page1.html",
      "thumb": "http://cdn.gayboystube.com/misc/cat48.jpg",
      "catid": 48,
      "items": [
        [
          {
            "path": "plugin://plugin.video.boyvid/play/2-0-6-2-5|2062505656cf2deb601.mp4",
            "label2": "426024",
            "icon": "http://cdn.gayboystube.com/thumbs/2/0/6/2/5/2062505656cf2deb601.mp4/2062505656cf2deb601.mp4-5.jpg",
            "thumbnail": "http://cdn.gayboystube.com/thumbs/2/0/6/2/5/2062505656cf2deb601.mp4/2062505656cf2deb601.mp4-5.jpg",
            "label": "Self Sucking Redhead!!!!"
          },
          {
            "path": "plugin://plugin.video.boyvid/play/3-3-0-3-1|330315651ec92050da.mp4",
            "label2": "425243",
            "icon": "http://cdn.gayboystube.com/thumbs/3/3/0/3/1/330315651ec92050da.mp4/330315651ec92050da.mp4-7.jpg",
            "thumbnail": "http://cdn.gayboystube.com/thumbs/3/3/0/3/1/330315651ec92050da.mp4/330315651ec92050da.mp4-7.jpg",
            "label": "Justin The Redhead Jo"
          },
          {
            "path": "plugin://plugin.video.boyvid/play/6-5-7-3-2|6573256521bdccb331.mp4",
            "label2": "425280",
            "icon": "http://cdn.gayboystube.com/thumbs/6/5/7/3/2/6573256521bdccb331.mp4/6573256521bdccb331.mp4-3.jpg",
            "thumbnail": "http://cdn.gayboystube.com/thumbs/6/5/7/3/2/6573256521bdccb331.mp4/6573256521bdccb331.mp4-3.jpg",
            "label": "Bare Fucked Ginger"
          },
          {
            "path": "plugin://plugin.video.boyvid/play/1-7-5-3-4|175346564d4363cd885.mp4",
            "label2": "424394",
            "icon": "http://cdn.gayboystube.com/thumbs/1/7/5/3/4/175346564d4363cd885.mp4/175346564d4363cd885.mp4-2.jpg",
            "thumbnail": "http://cdn.gayboystube.com/thumbs/1/7/5/3/4/175346564d4363cd885.mp4/175346564d4363cd885.mp4-2.jpg",
            "label": "Two Gingers Wank In Bed"
          },
          {
            "path": "plugin://plugin.video.boyvid/play/1-5-3-0-1|153010564b7bce779d3.mp4",
            "label2": "424115",
            "icon": "http://cdn.gayboystube.com/thumbs/1/5/3/0/1/153010564b7bce779d3.mp4/153010564b7bce779d3.mp4-3.jpg",
            "thumbnail": "http://cdn.gayboystube.com/thumbs/1/5/3/0/1/153010564b7bce779d3.mp4/153010564b7bce779d3.mp4-3.jpg",
            "label": "Adorable Redhead"
          },
          {
            "path": "plugin://plugin.video.boyvid/play/2-0-4-9-8|204985563ce2be0281f.mp4",
            "label2": "421618",
            "icon": "http://cdn.gayboystube.com/thumbs/2/0/4/9/8/204985563ce2be0281f.mp4/204985563ce2be0281f.mp4-3.jpg",
            "thumbnail": "http://cdn.gayboystube.com/thumbs/2/0/4/9/8/204985563ce2be0281f.mp4/204985563ce2be0281f.mp4-3.jpg",
            "label": "Redhair Twink Jerking Off-Full Vid At Hotamateursextapes.Com"
          },
          {
            "path": "plugin://plugin.video.boyvid/play/3-3-0-3-1|3303156329c320fa9b.mp4",
            "label2": "419748",
            "icon": "http://cdn.gayboystube.com/thumbs/3/3/0/3/1/3303156329c320fa9b.mp4/3303156329c320fa9b.mp4-1.jpg",
            "thumbnail": "http://cdn.gayboystube.com/thumbs/3/3/0/3/1/3303156329c320fa9b.mp4/3303156329c320fa9b.mp4-1.jpg",
            "label": "Tristan Redhead Solo"
          },
          {
            "path": "plugin://plugin.video.boyvid/play/6-5-7-3-2|65732563289b97d2ea.mp4",
            "label2": "419710",
            "icon": "http://cdn.gayboystube.com/thumbs/6/5/7/3/2/65732563289b97d2ea.mp4/65732563289b97d2ea.mp4-2.jpg",
            "thumbnail": "http://cdn.gayboystube.com/thumbs/6/5/7/3/2/65732563289b97d2ea.mp4/65732563289b97d2ea.mp4-2.jpg",
            "label": "Ginger Camshow"
          },
          {
            "path": "plugin://plugin.video.boyvid/play/3-3-0-3-1|3303156207847e5cf8.mp4",
            "label2": "416397",
            "icon": "http://cdn.gayboystube.com/thumbs/3/3/0/3/1/3303156207847e5cf8.mp4/3303156207847e5cf8.mp4-3.jpg",
            "thumbnail": "http://cdn.gayboystube.com/thumbs/3/3/0/3/1/3303156207847e5cf8.mp4/3303156207847e5cf8.mp4-3.jpg",
            "label": "Older And The Young Redhead"
          },
          {
            "path": "plugin://plugin.video.boyvid/play/1-6-3-9-5|163958561abaa7c8280.mp4",
            "label2": "415231",
            "icon": "http://cdn.gayboystube.com/thumbs/1/6/3/9/5/163958561abaa7c8280.mp4/163958561abaa7c8280.mp4-3.jpg",
            "thumbnail": "http://cdn.gayboystube.com/thumbs/1/6/3/9/5/163958561abaa7c8280.mp4/163958561abaa7c8280.mp4-3.jpg",
            "label": "Hot Ginger"
          },
          {
            "path": "plugin://plugin.video.boyvid/play/6-5-7-3-2|65732561762f1a0b1a.mp4",
            "label2": "414640",
            "icon": "http://cdn.gayboystube.com/thumbs/6/5/7/3/2/65732561762f1a0b1a.mp4/65732561762f1a0b1a.mp4-8.jpg",
            "thumbnail": "http://cdn.gayboystube.com/thumbs/6/5/7/3/2/65732561762f1a0b1a.mp4/65732561762f1a0b1a.mp4-8.jpg",
            "label": "Red Hot Cum"
          },
          {
            "path": "plugin://plugin.video.boyvid/play/6-5-7-3-2|657325611af5567f12.mp4",
            "label2": "413508",
            "icon": "http://cdn.gayboystube.com/thumbs/6/5/7/3/2/657325611af5567f12.mp4/657325611af5567f12.mp4-5.jpg",
            "thumbnail": "http://cdn.gayboystube.com/thumbs/6/5/7/3/2/657325611af5567f12.mp4/657325611af5567f12.mp4-5.jpg",
            "label": "Freckles & Cum"
          },
          {
            "path": "plugin://plugin.video.boyvid/play/6-5-7-3-2|657325611b10ed0bde.mp4",
            "label2": "413510",
            "icon": "http://cdn.gayboystube.com/thumbs/6/5/7/3/2/657325611b10ed0bde.mp4/657325611b10ed0bde.mp4-2.jpg",
            "thumbnail": "http://cdn.gayboystube.com/thumbs/6/5/7/3/2/657325611b10ed0bde.mp4/657325611b10ed0bde.mp4-2.jpg",
            "label": "Gingers Desk Quickie"
          },
          {
            "path": "plugin://plugin.video.boyvid/play/4-6-2-8-6|462865605a8b65b8cb.mp4",
            "label2": "411547",
            "icon": "http://cdn.gayboystube.com/thumbs/4/6/2/8/6/462865605a8b65b8cb.mp4/462865605a8b65b8cb.mp4-8.jpg",
            "thumbnail": "http://cdn.gayboystube.com/thumbs/4/6/2/8/6/462865605a8b65b8cb.mp4/462865605a8b65b8cb.mp4-8.jpg",
            "label": "Hot Ginger Petr Kindl'S Photoshoot"
          },
          {
            "path": "plugin://plugin.video.boyvid/play/4-6-2-8-6|4628656045c8b7f8b7.mp4",
            "label2": "411336",
            "icon": "http://cdn.gayboystube.com/thumbs/4/6/2/8/6/4628656045c8b7f8b7.mp4/4628656045c8b7f8b7.mp4-2.jpg",
            "thumbnail": "http://cdn.gayboystube.com/thumbs/4/6/2/8/6/4628656045c8b7f8b7.mp4/4628656045c8b7f8b7.mp4-2.jpg",
            "label": "Face Fuck-Bareback Fuck"
          },
          {
            "path": "plugin://plugin.video.boyvid/play/1-7-5-1-6|175165560235a27ba35.mp4",
            "label2": "411043",
            "icon": "http://cdn.gayboystube.com/thumbs/1/7/5/1/6/175165560235a27ba35.mp4/175165560235a27ba35.mp4-2.jpg",
            "thumbnail": "http://cdn.gayboystube.com/thumbs/1/7/5/1/6/175165560235a27ba35.mp4/175165560235a27ba35.mp4-2.jpg",
            "label": "Ginger Boy Gets Buddy Fucked"
          },
          {
            "path": "plugin://plugin.video.boyvid/play/2-0-1-0-3|20103555f1c83fe00a1.mp4",
            "label2": "408510",
            "icon": "http://cdn.gayboystube.com/thumbs/2/0/1/0/3/20103555f1c83fe00a1.mp4/20103555f1c83fe00a1.mp4-1.jpg",
            "thumbnail": "http://cdn.gayboystube.com/thumbs/2/0/1/0/3/20103555f1c83fe00a1.mp4/20103555f1c83fe00a1.mp4-1.jpg",
            "label": "Ginger Twink Wanking His Cock"
          },
          {
            "path": "plugin://plugin.video.boyvid/play/6-5-7-3-2|6573255ed0ae05d252.mp4",
            "label2": "407790",
            "icon": "http://cdn.gayboystube.com/thumbs/6/5/7/3/2/6573255ed0ae05d252.mp4/6573255ed0ae05d252.mp4-1.jpg",
            "thumbnail": "http://cdn.gayboystube.com/thumbs/6/5/7/3/2/6573255ed0ae05d252.mp4/6573255ed0ae05d252.mp4-1.jpg",
            "label": "U/C Ginger Faps One Out"
          },
          {
            "path": "plugin://plugin.video.boyvid/play/3-3-0-3-1|3303155ecf5ebb065e.mp4",
            "label2": "407783",
            "icon": "http://cdn.gayboystube.com/thumbs/3/3/0/3/1/3303155ecf5ebb065e.mp4/3303155ecf5ebb065e.mp4-5.jpg",
            "thumbnail": "http://cdn.gayboystube.com/thumbs/3/3/0/3/1/3303155ecf5ebb065e.mp4/3303155ecf5ebb065e.mp4-5.jpg",
            "label": "Ginger Is A Tease"
          },
          {
            "path": "plugin://plugin.video.boyvid/play/7-5-2-1-4|7521455ec5e163d8c3.mp4",
            "label2": "407634",
            "icon": "http://cdn.gayboystube.com/thumbs/7/5/2/1/4/7521455ec5e163d8c3.mp4/7521455ec5e163d8c3.mp4-5.jpg",
            "thumbnail": "http://cdn.gayboystube.com/thumbs/7/5/2/1/4/7521455ec5e163d8c3.mp4/7521455ec5e163d8c3.mp4-5.jpg",
            "label": "Ginger Fast And Furious"
          },
          {
            "path": "plugin://plugin.video.boyvid/play/3-3-0-3-1|3303155de80a7a9bd2.mp4",
            "label2": "405428",
            "icon": "http://cdn.gayboystube.com/thumbs/3/3/0/3/1/3303155de80a7a9bd2.mp4/3303155de80a7a9bd2.mp4-8.jpg",
            "thumbnail": "http://cdn.gayboystube.com/thumbs/3/3/0/3/1/3303155de80a7a9bd2.mp4/3303155de80a7a9bd2.mp4-8.jpg",
            "label": "Ginger At The Gloryhole"
          },
          {
            "path": "plugin://plugin.video.boyvid/play/1-6-1-2-8|16128055d8aa9b70e59.mp4",
            "label2": "404504",
            "icon": "http://cdn.gayboystube.com/thumbs/1/6/1/2/8/16128055d8aa9b70e59.mp4/16128055d8aa9b70e59.mp4-6.jpg",
            "thumbnail": "http://cdn.gayboystube.com/thumbs/1/6/1/2/8/16128055d8aa9b70e59.mp4/16128055d8aa9b70e59.mp4-6.jpg",
            "label": "A Redhead Delicacy"
          },
          {
            "path": "plugin://plugin.video.boyvid/play/1-9-0-3-9|19039555d4efed116dc.mp4",
            "label2": "403889",
            "icon": "http://cdn.gayboystube.com/thumbs/1/9/0/3/9/19039555d4efed116dc.mp4/19039555d4efed116dc.mp4-5.jpg",
            "thumbnail": "http://cdn.gayboystube.com/thumbs/1/9/0/3/9/19039555d4efed116dc.mp4/19039555d4efed116dc.mp4-5.jpg",
            "label": "Redhead Twink Wank"
          },
          {
            "path": "plugin://plugin.video.boyvid/play/6-5-7-3-2|6573255ce607211373.mp4",
            "label2": "402765",
            "icon": "http://cdn.gayboystube.com/thumbs/6/5/7/3/2/6573255ce607211373.mp4/6573255ce607211373.mp4-2.jpg",
            "thumbnail": "http://cdn.gayboystube.com/thumbs/6/5/7/3/2/6573255ce607211373.mp4/6573255ce607211373.mp4-2.jpg",
            "label": "Giant Redwood"
          },
          {
            "path": "plugin://plugin.video.boyvid/play/4-7-7-6-0|4776055cdf330ca7d7.mp4",
            "label2": "402638",
            "icon": "http://cdn.gayboystube.com/thumbs/4/7/7/6/0/4776055cdf330ca7d7.mp4/4776055cdf330ca7d7.mp4-5.jpg",
            "thumbnail": "http://cdn.gayboystube.com/thumbs/4/7/7/6/0/4776055cdf330ca7d7.mp4/4776055cdf330ca7d7.mp4-5.jpg",
            "label": "Vid194"
          },
          {
            "path": "plugin://plugin.video.boyvid/play/4-7-7-6-0|4776055c9e2070598f.mp4",
            "label2": "401849",
            "icon": "http://cdn.gayboystube.com/thumbs/4/7/7/6/0/4776055c9e2070598f.mp4/4776055c9e2070598f.mp4-8.jpg",
            "thumbnail": "http://cdn.gayboystube.com/thumbs/4/7/7/6/0/4776055c9e2070598f.mp4/4776055c9e2070598f.mp4-8.jpg",
            "label": "Vid170"
          },
          {
            "path": "plugin://plugin.video.boyvid/play/4-6-2-8-6|4628655c205ca9910e.mp4",
            "label2": "400334",
            "icon": "http://cdn.gayboystube.com/thumbs/4/6/2/8/6/4628655c205ca9910e.mp4/4628655c205ca9910e.mp4-6.jpg",
            "thumbnail": "http://cdn.gayboystube.com/thumbs/4/6/2/8/6/4628655c205ca9910e.mp4/4628655c205ca9910e.mp4-6.jpg",
            "label": "Sexy Copper Top Twink Shows, Fingers, & Wanks"
          },
          {
            "path": "plugin://plugin.video.boyvid/play/1-9-0-3-9|19039555b11c56bf3fe.mp4",
            "label2": "397949",
            "icon": "http://cdn.gayboystube.com/thumbs/1/9/0/3/9/19039555b11c56bf3fe.mp4/19039555b11c56bf3fe.mp4-3.jpg",
            "thumbnail": "http://cdn.gayboystube.com/thumbs/1/9/0/3/9/19039555b11c56bf3fe.mp4/19039555b11c56bf3fe.mp4-3.jpg",
            "label": "Redhead Twink Jerking &Amp; Cumming"
          },
          {
            "path": "plugin://plugin.video.boyvid/play/6-5-7-3-2|65732557125bbc1214.mp4",
            "label2": "387685",
            "icon": "http://cdn.gayboystube.com/thumbs/6/5/7/3/2/65732557125bbc1214.mp4/65732557125bbc1214.mp4-6.jpg",
            "thumbnail": "http://cdn.gayboystube.com/thumbs/6/5/7/3/2/65732557125bbc1214.mp4/65732557125bbc1214.mp4-6.jpg",
            "label": "Shaggy Ginger Camcum"
          },
          {
            "path": "plugin://plugin.video.boyvid/play/6-5-7-3-2|65732556f0f7473403.mp4",
            "label2": "387329",
            "icon": "http://cdn.gayboystube.com/thumbs/6/5/7/3/2/65732556f0f7473403.mp4/65732556f0f7473403.mp4-7.jpg",
            "thumbnail": "http://cdn.gayboystube.com/thumbs/6/5/7/3/2/65732556f0f7473403.mp4/65732556f0f7473403.mp4-7.jpg",
            "label": "Ginger'S Double-Hander"
          },
          {
            "path": "plugin://plugin.video.boyvid/play/1-0-0-3-9|100396555ce751989fa.flv",
            "label2": "384629",
            "icon": "http://cdn.gayboystube.com/thumbs/1/0/0/3/9/100396555ce751989fa/100396555ce751989fa.flv-2.jpg",
            "thumbnail": "http://cdn.gayboystube.com/thumbs/1/0/0/3/9/100396555ce751989fa/100396555ce751989fa.flv-2.jpg",
            "label": "Hot Twink With Long Cock"
          },
          {
            "path": "plugin://plugin.video.boyvid/play/6-5-7-3-2|65732555942640db65.mp4",
            "label2": "384058",
            "icon": "http://cdn.gayboystube.com/thumbs/6/5/7/3/2/65732555942640db65.mp4/65732555942640db65.mp4-1.jpg",
            "thumbnail": "http://cdn.gayboystube.com/thumbs/6/5/7/3/2/65732555942640db65.mp4/65732555942640db65.mp4-1.jpg",
            "label": "Ginger Squirms Moans"
          },
          {
            "path": "plugin://plugin.video.boyvid/play/6-5-7-3-2|65732554ebb2295d1f.mp4",
            "label2": "382566",
            "icon": "http://cdn.gayboystube.com/thumbs/6/5/7/3/2/65732554ebb2295d1f.mp4/65732554ebb2295d1f.mp4-4.jpg",
            "thumbnail": "http://cdn.gayboystube.com/thumbs/6/5/7/3/2/65732554ebb2295d1f.mp4/65732554ebb2295d1f.mp4-4.jpg",
            "label": "Ginger In A Speedo"
          },
          {
            "path": "plugin://plugin.video.boyvid/play/6-5-7-3-2|65732554eab5fd0443.mp4",
            "label2": "382553",
            "icon": "http://cdn.gayboystube.com/thumbs/6/5/7/3/2/65732554eab5fd0443.mp4/65732554eab5fd0443.mp4-3.jpg",
            "thumbnail": "http://cdn.gayboystube.com/thumbs/6/5/7/3/2/65732554eab5fd0443.mp4/65732554eab5fd0443.mp4-3.jpg",
            "label": "Extreme Ginger"
          },
          {
            "path": "plugin://plugin.video.boyvid/play/6-5-7-3-2|65732554a8c21213c6.mp4",
            "label2": "381881",
            "icon": "http://cdn.gayboystube.com/thumbs/6/5/7/3/2/65732554a8c21213c6.mp4/65732554a8c21213c6.mp4-8.jpg",
            "thumbnail": "http://cdn.gayboystube.com/thumbs/6/5/7/3/2/65732554a8c21213c6.mp4/65732554a8c21213c6.mp4-8.jpg",
            "label": "Sixpac Ginger "
          },
          {
            "path": "plugin://plugin.video.boyvid/play/1-2-2-6-0|122607554a2a6e2fe73.mp4",
            "label2": "381826",
            "icon": "http://cdn.gayboystube.com/thumbs/1/2/2/6/0/122607554a2a6e2fe73.wmv/122607554a2a6e2fe73.wmv-2.jpg",
            "thumbnail": "http://cdn.gayboystube.com/thumbs/1/2/2/6/0/122607554a2a6e2fe73.wmv/122607554a2a6e2fe73.wmv-2.jpg",
            "label": "Straight Acting Maring Takes A Dick For First Time"
          },
          {
            "path": "plugin://plugin.video.boyvid/play/1-9-1-3-9|19139955455d0e4140c.mp4",
            "label2": "381063",
            "icon": "http://cdn.gayboystube.com/thumbs/1/9/1/3/9/19139955455d0e4140c.mov/19139955455d0e4140c.mov-3.jpg",
            "thumbnail": "http://cdn.gayboystube.com/thumbs/1/9/1/3/9/19139955455d0e4140c.mov/19139955455d0e4140c.mov-3.jpg",
            "label": "Ginger Guy Nice Balls"
          },
          {
            "path": "plugin://plugin.video.boyvid/play/6-5-7-3-2|65732553723eed49cd.mp4",
            "label2": "378809",
            "icon": "http://cdn.gayboystube.com/thumbs/6/5/7/3/2/65732553723eed49cd.mp4/65732553723eed49cd.mp4-4.jpg",
            "thumbnail": "http://cdn.gayboystube.com/thumbs/6/5/7/3/2/65732553723eed49cd.mp4/65732553723eed49cd.mp4-4.jpg",
            "label": "Big Red Camwanks"
          },
          {
            "path": "plugin://plugin.video.boyvid/play/3-3-0-3-1|33031551845cf8c667.mp4",
            "label2": "374530",
            "icon": "http://cdn.gayboystube.com/thumbs/3/3/0/3/1/33031551845cf8c667.mp4/33031551845cf8c667.mp4-7.jpg",
            "thumbnail": "http://cdn.gayboystube.com/thumbs/3/3/0/3/1/33031551845cf8c667.mp4/33031551845cf8c667.mp4-7.jpg",
            "label": "Redhead Wank"
          },
          {
            "path": "plugin://plugin.video.boyvid/play/6-5-7-3-2|657325527649bedd56.mp4",
            "label2": "376586",
            "icon": "http://cdn.gayboystube.com/thumbs/6/5/7/3/2/657325527649bedd56.mp4/657325527649bedd56.mp4-5.jpg",
            "thumbnail": "http://cdn.gayboystube.com/thumbs/6/5/7/3/2/657325527649bedd56.mp4/657325527649bedd56.mp4-5.jpg",
            "label": "Ginger Piss & Cum"
          },
          {
            "path": "plugin://plugin.video.boyvid/play/3-3-4-8-4|33484552649f698693.mp4",
            "label2": "376435",
            "icon": "http://cdn.gayboystube.com/thumbs/3/3/4/8/4/33484552649f698693.mp4/33484552649f698693.mp4-5.jpg",
            "thumbnail": "http://cdn.gayboystube.com/thumbs/3/3/4/8/4/33484552649f698693.mp4/33484552649f698693.mp4-5.jpg",
            "label": "Cute Red Twink "
          }
        ]
      ],
      "filename": "cat-48.json",
      "catname": "Redheads",
      "catnamesafe": "Redheads",
      "path": "plugin://plugin.video.boyvid/cat/48/Redheads/p/1",
      "icon": "http://cdn.gayboystube.com/misc/cat48.jpg"
    },
    1448573077.181537
  ]
}