{
  "meta": {
    "status": 200,
    "msg": "OK"
  },
  "response": {
    "blog": {
      "ask": true,
      "ask_anon": true,
      "ask_page_title": "Ask me anything",
      "can_subscribe": false,
      "description": "Looking for public masturbation pics and videos (male or female). Anything depicting getting yourself off in a public or semi-public place. \nI love getting off in public and will be posting my own pics/videos and also posting or reblogging other material that fits.\nPlaces like the woods, a car, an office, a washroom, a hotel window, your backyard. Anywhere a person could accidentally stumble across a hot wanking session.\nLove it!\n<br/><br/>\nEmail me pics at <b>wankerpublic@gmail.com</b> or use the Submit button.",
      "is_adult": false,
      "is_nsfw": true,
      "likes": 163,
      "name": "publicwank",
      "posts": 227,
      "reply_conditions": "3",
      "share_likes": true,
      "submission_page_title": "Submit a post",
      "subscribed": false,
      "title": "Public Wank",
      "total_posts": 227,
      "updated": 1475679467,
      "url": "http://publicwank.tumblr.com/"
    }
  }
}