<?xml version="1.0" encoding="UTF-8" standalone="yes"?>
<addon id="plugin.video.wsonline" name="WatchSeries-Online" version="0.6" provider-name="moedje">
    <requires>
        <import addon="xbmc.python" version="2.20.0"/>
        <import addon="script.module.xbmcswift2" version="2.4.0"/>
        <import addon="script.module.urlresolver"/>
    </requires>
    <extension point="xbmc.python.pluginsource" library="addon.py">
        <provides>video</provides>
    </extension>
    <extension point="xbmc.addon.metadata">
        <platform>all</platform>
        <language></language>
        <summary>Watchseries-online.nl TV Plugin</summary>
        <description>Get the latest TV episodes on Watchseries-Online.la and search for a series, list all online
            episodes in that series, and play them from Openload.Co or VODlocker
        </description>
    </extension>
</addon>
