{
 "meta": {
  "status": 200,
  "msg": "OK"
 },
 "response": {
  "blog": {
   "ask": false,
   "ask_anon": false,
   "ask_page_title": "Ask me anything",
   "can_send_fan_mail": false,
   "can_subscribe": false,
   "description": "<p>Gay guy living in London posting a blog dedicated to my lycra and exhibition fetish. 18+. For more check out my Xtube profile LycraExhibitUK<\/p>",
   "followed": false,
   "is_adult": false,
   "is_blocked_from_primary": false,
   "is_nsfw": false,
   "likes": 284,
   "name": "exhibuk",
   "posts": 333,
   "reply_conditions": "3",
   "share_likes": true,
   "subscribed": false,
   "title": "LycraExhibitUK",
   "total_posts": 333,
   "updated": 1494659492,
   "url": "https:\/\/exhibuk.tumblr.com\/"
  },
  "posts": [
   {
    "type": "video",
    "blog_name": "exhibuk",
    "id": 160612423574,
    "post_url": "https:\/\/exhibuk.tumblr.com\/post\/160612423574\/brosinpublic-damn-he-is-ballzy-snapchat-me",
    "slug": "brosinpublic-damn-he-is-ballzy-snapchat-me",
    "date": "2017-05-13 07:11:32 GMT",
    "timestamp": 1494659492,
    "state": "published",
    "format": "html",
    "reblog_key": "RF63Ae5N",
    "tags": [],
    "short_url": "https:\/\/tmblr.co\/ZKgmNh2LbFnUM",
    "summary": "Damn he is ballzy \n Snapchat me: brosinpublic Kik: brosinpublic  Kik group: #bropublicfun \n Ask me questions or requests and...",
    "recommended_source": null,
    "recommended_color": null,
    "followed": false,
    "liked": false,
    "note_count": 22199,
    "caption": "<p><a href=\"http:\/\/brosinpublic.tumblr.com\/post\/133132438925\/damn-he-is-ballzy-snapchat-me-brosinpublic-kik\" class=\"tumblr_blog\">brosinpublic<\/a>:<\/p>\n\n<blockquote><p>Damn he is ballzy <\/p><p>Snapchat me: brosinpublic <br\/>Kik: brosinpublic  Kik group: #bropublicfun <\/p><p>Ask me questions or requests and I’ll do them. Brosinpublic.tumblr.com\/ask<\/p><p>Or submit me your own pics or videos and ill post. Brosinpublic.tumblr.com\/submit<\/p><p>Over 5000+ followers and growing.<\/p><\/blockquote>\n\n<p><\/p>",
    "reblog": {
     "comment": "",
     "tree_html": "<p><a href=\"http:\/\/brosinpublic.tumblr.com\/post\/133132438925\/damn-he-is-ballzy-snapchat-me-brosinpublic-kik\" class=\"tumblr_blog\">brosinpublic<\/a>:<\/p><blockquote>\n<p>Damn he is ballzy <\/p>\n<p>Snapchat me: brosinpublic <br>Kik: brosinpublic  Kik group: #bropublicfun <\/p>\n<p>Ask me questions or requests and I’ll do them. Brosinpublic.tumblr.com\/ask<\/p>\n<p>Or submit me your own pics or videos and ill post. Brosinpublic.tumblr.com\/submit<\/p>\n<p>Over 5000+ followers and growing.<\/p>\n<\/blockquote>"
    },
    "trail": [
     {
      "blog": {
       "name": "brosinpublic",
       "active": true,
       "theme": {
        "header_full_width": 750,
        "header_full_height": 380,
        "header_focus_width": 520,
        "header_focus_height": 293,
        "avatar_shape": "square",
        "background_color": "#FFFFFF",
        "body_font": "Helvetica Neue",
        "header_bounds": "84,651,377,131",
        "header_image": "https:\/\/static.tumblr.com\/0b14dd83ec2757ee23ef99b89cf38158\/lce6z4f\/EO0nnqaq2\/tumblr_static_.jpg",
        "header_image_focused": "https:\/\/static.tumblr.com\/0b14dd83ec2757ee23ef99b89cf38158\/lce6z4f\/T2cnnqaq3\/tumblr_static_tumblr_static__focused_v3.jpg",
        "header_image_scaled": "https:\/\/static.tumblr.com\/0b14dd83ec2757ee23ef99b89cf38158\/lce6z4f\/EO0nnqaq2\/tumblr_static__2048_v2.jpg",
        "header_stretch": true,
        "link_color": "#FFFFFF",
        "show_avatar": true,
        "show_description": true,
        "show_header_image": true,
        "show_title": true,
        "title_color": "#444444",
        "title_font": "Gibson",
        "title_font_weight": "bold"
       },
       "share_likes": false,
       "share_following": false,
       "can_be_followed": true
      },
      "post": {
       "id": "133132438925"
      },
      "content_raw": "<p>Damn he is ballzy <\/p>\n<p>Snapchat me: brosinpublic <br>Kik: brosinpublic  Kik group: #bropublicfun <\/p>\n<p>Ask me questions or requests and I’ll do them. Brosinpublic.tumblr.com\/ask<\/p>\n<p>Or submit me your own pics or videos and ill post. Brosinpublic.tumblr.com\/submit<\/p>\n<p>Over 5000+ followers and growing.<\/p>",
      "content": "<p>Damn he is ballzy <\/p>\n<p>Snapchat me: brosinpublic <br \/>Kik: brosinpublic &#8232;Kik group: #bropublicfun <\/p>\n<p>Ask me questions or requests and I&rsquo;ll do them. Brosinpublic.tumblr.com\/ask<\/p>\n<p>Or submit me your own pics or videos and ill post. Brosinpublic.tumblr.com\/submit<\/p>\n<p>Over 5000+ followers and growing.<\/p>"
     }
    ],
    "video_url": "https:\/\/vtt.tumblr.com\/tumblr_nxfqfrqDlk1td0gjf.mp4",
    "html5_capable": true,
    "thumbnail_url": "https:\/\/31.media.tumblr.com\/tumblr_nxfqfrqDlk1td0gjf_frame1.jpg",
    "thumbnail_width": 360,
    "thumbnail_height": 640,
    "duration": 130,
    "player": [
     {
      "width": 250,
      "embed_code": "\n<video  id='embed-592b0b58c1b48405288406' class='crt-video crt-skin-default' width='250' height='444' poster='https:\/\/31.media.tumblr.com\/tumblr_nxfqfrqDlk1td0gjf_frame1.jpg' preload='none' muted data-crt-video data-crt-options='{\"autoheight\":null,\"duration\":130,\"hdUrl\":false,\"filmstrip\":{\"url\":\"https:\\\/\\\/38.media.tumblr.com\\\/previews\\\/tumblr_nxfqfrqDlk1td0gjf_filmstrip.jpg\",\"width\":\"200\",\"height\":\"357\"}}' >\n    <source src=\"https:\/\/exhibuk.tumblr.com\/video_file\/t:PYm6n84cxucaCme_ArZoYg\/160612423574\/tumblr_nxfqfrqDlk1td0gjf\" type=\"video\/mp4\">\n<\/video>\n"
     },
     {
      "width": 400,
      "embed_code": "\n<video  id='embed-592b0b58c1b48405288406' class='crt-video crt-skin-default' width='400' height='711' poster='https:\/\/31.media.tumblr.com\/tumblr_nxfqfrqDlk1td0gjf_frame1.jpg' preload='none' muted data-crt-video data-crt-options='{\"autoheight\":null,\"duration\":130,\"hdUrl\":false,\"filmstrip\":{\"url\":\"https:\\\/\\\/38.media.tumblr.com\\\/previews\\\/tumblr_nxfqfrqDlk1td0gjf_filmstrip.jpg\",\"width\":\"200\",\"height\":\"357\"}}' >\n    <source src=\"https:\/\/exhibuk.tumblr.com\/video_file\/t:PYm6n84cxucaCme_ArZoYg\/160612423574\/tumblr_nxfqfrqDlk1td0gjf\" type=\"video\/mp4\">\n<\/video>\n"
     },
     {
      "width": 500,
      "embed_code": "\n<video  id='embed-592b0b58c1b48405288406' class='crt-video crt-skin-default' width='500' height='889' poster='https:\/\/31.media.tumblr.com\/tumblr_nxfqfrqDlk1td0gjf_frame1.jpg' preload='none' muted data-crt-video data-crt-options='{\"autoheight\":null,\"duration\":130,\"hdUrl\":false,\"filmstrip\":{\"url\":\"https:\\\/\\\/38.media.tumblr.com\\\/previews\\\/tumblr_nxfqfrqDlk1td0gjf_filmstrip.jpg\",\"width\":\"200\",\"height\":\"357\"}}' >\n    <source src=\"https:\/\/exhibuk.tumblr.com\/video_file\/t:PYm6n84cxucaCme_ArZoYg\/160612423574\/tumblr_nxfqfrqDlk1td0gjf\" type=\"video\/mp4\">\n<\/video>\n"
     }
    ],
    "video_type": "tumblr",
    "can_like": true,
    "can_reblog": true,
    "can_send_in_message": true,
    "can_reply": false,
    "display_avatar": true
   }
  ],
  "total_posts": 133
 }
}
