<?xml version="1.0" encoding="UTF-8"?>
<addon id="plugin.video.tvseries4u"
version="0.8.1"
name="TVSeries4U"
provider-name="moedje">
<requires>
  <import addon="xbmc.python" version="2.24.0"/>
  <import addon="script.module.urlresolver" optional="true"/>
  <import addon="script.module.youtube.dl" optional="true"/>
  <!--
  <import addon="script.module.simpleplugin" version="1.0+"/>  
  <import addon="script.module.requests"/>
  <import addon="script.module.kodi-pdb" optional="true"/>
  <import addon="script.module.web-pdb" optional="true"/>
  -->
</requires>
<extension point="xbmc.python.pluginsource" library="main.py">
  <provides>video</provides>
</extension>
<extension point="xbmc.addon.metadata">
  <summary lang="en">TVSeries4u.com scrapper</summary>
  <description lang="en">[B]V0.8.0[/B]: MyVidster Added. 0.6.x: Watchseries.ovf improvements V0.5.0 Added Watchseries.ovf Uses the ROMANVM SimplePlugin micro-framework to scrape links from tvseries4u.com.</description>
  <disclaimer lang="en">Not to be used for any illegal activities.</disclaimer>
</extension>
</addon>
