[
  {
    "icon": "http://cdn.gayboystube.com/thumbs/6/5/7/3/2/6573256328d1f2c180.mp4/6573256328d1f2c180.mp4-1.jpg",
    "thumb": "http://cdn.gayboystube.com/thumbs/6/5/7/3/2/6573256328d1f2c180.mp4/6573256328d1f2c180.mp4-4.jpg",
    "label": "wet homework",
    "url": "http://www.gayboystube.com/video/419715/wet-homework",
    "path": "http://media.gayboystube.com:8080/videos/6/5/7/3/2/6573256328d1f2c180.mp4",
    "id": "419715",
    "label2": "6573256328d1f2c180.mp4"
  },
  {
    "thumb": "http://cdn.gayboystube.com/thumbs/3/3/0/3/1/3303156328ceeb4959.mp4/3303156328ceeb4959.mp4-2.jpg",
    "icon": "http://cdn.gayboystube.com/thumbs/3/3/0/3/1/3303156328ceeb4959.mp4/3303156328ceeb4959.mp4-1.jpg",
    "label": "Very Horny str8 20yo",
    "url": "http://www.gayboystube.com/video/419712/very-horny-str8-20yo",
    "path": "http://media.gayboystube.com:8080/videos/3/3/0/3/1/3303156328ceeb4959.mp4",
    "id": "419712",
    "label2": "3303156328ceeb4959.mp4"
  },
  {
    "thumb": "http://cdn.gayboystube.com/thumbs/2/0/0/8/2/20082056326ce4c5377.mp4/20082056326ce4c5377.mp4-1.jpg",
    "icon": "http://cdn.gayboystube.com/thumbs/2/0/0/8/2/20082056326ce4c5377.mp4/20082056326ce4c5377.mp4-1.jpg",
    "label": "flexing R-2",
    "url": "http://www.gayboystube.com/video/419683/flexing-r-2",
    "path": "http://media.gayboystube.com:8080/videos/2/0/0/8/2/20082056326ce4c5377.mp4",
    "id": "419683",
    "label2": "20082056326ce4c5377.mp4"
  },
  {
    "thumb": "http://cdn.gayboystube.com/thumbs/2/0/0/8/2/20082056326b5f82ebf/20082056326b5f82ebf.flv-1.jpg",
    "icon": "http://cdn.gayboystube.com/thumbs/2/0/0/8/2/20082056326b5f82ebf/20082056326b5f82ebf.flv-4.jpg",
    "label": "weekend cam fun ",
    "url": "http://www.gayboystube.com/video/419681/weekend-cam-fun",
    "path": "http://media.gayboystube.com:8080/videos/2/0/0/8/2/20082056326b5f82ebf.flv",
    "id": "419681",
    "label2": "20082056326b5f82ebf.flv"
  },
  {
    "thumb": "http://cdn.gayboystube.com/thumbs/2/0/0/8/2/20082056326aa5756bd/20082056326aa5756bd.flv-2.jpg",
    "icon": "http://cdn.gayboystube.com/thumbs/2/0/0/8/2/20082056326aa5756bd/20082056326aa5756bd.flv-1.jpg",
    "label": "jerking the meat ",
    "url": "http://www.gayboystube.com/video/419679/jerking-the-meat",
    "path": "http://media.gayboystube.com:8080/videos/2/0/0/8/2/20082056326aa5756bd.flv",
    "id": "419679",
    "label2": "20082056326aa5756bd.flv"
  }
]