{
  "meta": {
    "status": 200,
    "msg": "OK"
  },
  "response": {
    "posts": [
      {
        "type": "video",
        "blog_name": "gratuitouspublicnudity",
        "id": 161168498153,
        "post_url": "http://gratuitouspublicnudity.tumblr.com/post/161168498153",
        "slug": "publicfunlovers",
        "date": "2017-05-28 16:53:26 GMT",
        "timestamp": 1495990406,
        "state": "published",
        "format": "html",
        "reblog_key": "e2YrXCPz",
        "tags": [],
        "short_url": "https://tmblr.co/ZIGkxu2M6P1tf",
        "summary": "🔥🔥🔥🔥",
        "recommended_source": null,
        "recommended_color": null,
        "followed": true,
        "liked": true,
        "note_count": 28986,
        "source_url": "https://skin-hunks-holes-v5.tumblr.com/post/156794822097/bus-release",
        "source_title": "skin-hunks-holes-v5",
        "caption": "<p><a href=\"https://publicfunlovers.tumblr.com/post/157780948465\" class=\"tumblr_blog\" target=\"_blank\">publicfunlovers</a>:</p>\n<blockquote><p>🔥🔥🔥🔥</p></blockquote>",
        "reblog": {
          "comment": "",
          "tree_html": "<p><a href=\"https://publicfunlovers.tumblr.com/post/157780948465\" class=\"tumblr_blog\" target=\"_blank\">publicfunlovers</a>:</p><blockquote><p>🔥🔥🔥🔥</p></blockquote>"
        },
        "trail": [
          {
            "blog": {
              "name": "publicfunlovers",
              "active": true,
              "theme": {
                "avatar_shape": "square",
                "background_color": "#FFFFFF",
                "body_font": "Helvetica Neue",
                "header_bounds": "",
                "header_image": "https://static.tumblr.com/a9776d70abb139fb602d5528d5cbb6be/eulkwyb/YRmnzjlyp/tumblr_static_filename.jpg",
                "header_image_focused": "https://static.tumblr.com/a9776d70abb139fb602d5528d5cbb6be/eulkwyb/YRmnzjlyp/tumblr_static_filename_2048_v2.jpg",
                "header_image_scaled": "https://static.tumblr.com/a9776d70abb139fb602d5528d5cbb6be/eulkwyb/YRmnzjlyp/tumblr_static_filename_2048_v2.jpg",
                "header_stretch": true,
                "link_color": "#76D1E4",
                "show_avatar": true,
                "show_description": true,
                "show_header_image": true,
                "show_title": true,
                "title_color": "#444444",
                "title_font": "Gibson",
                "title_font_weight": "bold"
              },
              "share_likes": false,
              "share_following": false,
              "can_be_followed": true
            },
            "post": {
              "id": "157780948465"
            },
            "content_raw": "<p>🔥🔥🔥🔥</p>",
            "content": "<p>&#128293;&#128293;&#128293;&#128293;</p>"
          }
        ],
        "video_url": "https://vtt.tumblr.com/tumblr_okuj5v2wFU1w1jfbl.mp4",
        "html5_capable": true,
        "thumbnail_url": "https://31.media.tumblr.com/tumblr_okuj5v2wFU1w1jfbl_frame1.jpg",
        "thumbnail_width": 720,
        "thumbnail_height": 1280,
        "duration": 53,
        "player": [
          {
            "width": 250,
            "embed_code": "\n<video  id='embed-592b0d6aaabc4653917400' class='crt-video crt-skin-default' width='250' height='444' poster='https://68.media.tumblr.com/tumblr_okuj5v2wFU1w1jfbl_smart1.jpg' preload='none' muted data-crt-video data-crt-options='{\"autoheight\":null,\"duration\":53,\"hdUrl\":false,\"filmstrip\":{\"url\":\"https:\\/\\/68.media.tumblr.com\\/previews\\/tumblr_okuj5v2wFU1w1jfbl_filmstrip.jpg\",\"width\":\"200\",\"height\":\"357\"}}' >\n    <source src=\"https://gratuitouspublicnudity.tumblr.com/video_file/t:9fZWcuSxLMrJ1xok75hcSA/161168498153/tumblr_okuj5v2wFU1w1jfbl/480\" type=\"video/mp4\">\n</video>\n"
          },
          {
            "width": 400,
            "embed_code": "\n<video  id='embed-592b0d6aaabc4653917400' class='crt-video crt-skin-default' width='400' height='711' poster='https://68.media.tumblr.com/tumblr_okuj5v2wFU1w1jfbl_smart1.jpg' preload='none' muted data-crt-video data-crt-options='{\"autoheight\":null,\"duration\":53,\"hdUrl\":false,\"filmstrip\":{\"url\":\"https:\\/\\/68.media.tumblr.com\\/previews\\/tumblr_okuj5v2wFU1w1jfbl_filmstrip.jpg\",\"width\":\"200\",\"height\":\"357\"}}' >\n    <source src=\"https://gratuitouspublicnudity.tumblr.com/video_file/t:9fZWcuSxLMrJ1xok75hcSA/161168498153/tumblr_okuj5v2wFU1w1jfbl/480\" type=\"video/mp4\">\n</video>\n"
          },
          {
            "width": 500,
            "embed_code": "\n<video  id='embed-592b0d6aaabc4653917400' class='crt-video crt-skin-default' width='500' height='889' poster='https://68.media.tumblr.com/tumblr_okuj5v2wFU1w1jfbl_smart1.jpg' preload='none' muted data-crt-video data-crt-options='{\"autoheight\":null,\"duration\":53,\"hdUrl\":false,\"filmstrip\":{\"url\":\"https:\\/\\/68.media.tumblr.com\\/previews\\/tumblr_okuj5v2wFU1w1jfbl_filmstrip.jpg\",\"width\":\"200\",\"height\":\"357\"}}' >\n    <source src=\"https://gratuitouspublicnudity.tumblr.com/video_file/t:9fZWcuSxLMrJ1xok75hcSA/161168498153/tumblr_okuj5v2wFU1w1jfbl/480\" type=\"video/mp4\">\n</video>\n"
          }
        ],
        "video_type": "tumblr",
        "can_like": true,
        "can_reblog": true,
        "can_send_in_message": true,
        "can_reply": true,
        "display_avatar": true
      }
    ]
  }
}