<?xml version="1.0" encoding="UTF-8" standalone="yes"?>
<addon id="plugin.video.prontv" name="prontv" version="0.2" provider-name="moedje">
  <requires>
    <import addon="xbmc.python" version="2.1.0"/>
    <import addon="script.module.xbmcswift2" version="2.4.0"/>
    <import addon="script.module.urlresolver"/>
  </requires>
  <extension point="xbmc.python.pluginsource" library="addon.py">
    <provides>video</provides>
  </extension>
  <extension point="xbmc.addon.metadata">
    <platform>all</platform>
    <language></language>
    <summary>Pron.TV Streaming Porn</summary>
    <description>V 0.2 seems to search and play ok still struggles on some thumbnails. More to come soon! Just started this addon to bring up streams from pron.tv after playing with and registering for the API but have not started any of the addon just yet.</description>
  </extension>
</addon>
