{
  "meta": {
    "status": 200,
    "msg": "OK"
  },
  "response": {
    "liked_posts": [
      {
        "type": "photo",
        "blog_name": "gratuitouspublicnudity",
        "id": 161120006781,
        "post_url": "http://gratuitouspublicnudity.tumblr.com/post/161120006781",
        "slug": "",
        "date": "2017-05-27 06:32:15 GMT",
        "timestamp": 1495866735,
        "state": "published",
        "format": "html",
        "reblog_key": "ZTtycUyF",
        "tags": [],
        "short_url": "https://tmblr.co/ZIGkxu2M3W39z",
        "summary": "",
        "recommended_source": null,
        "recommended_color": null,
        "followed": true,
        "liked": true,
        "note_count": 275,
        "source_url": "http://gloryholes-page.tumblr.com/post/158624854478/glory-hole-cum",
        "source_title": "gloryholes-page",
        "caption": "",
        "reblog": {
          "comment": "",
          "tree_html": ""
        },
        "trail": [],
        "image_permalink": "http://gratuitouspublicnudity.tumblr.com/image/161120006781",
        "photos": [
          {
            "caption": "",
            "original_size": {
              "url": "https://68.media.tumblr.com/f07979e356d103779f7b6dd6f5ce970c/tumblr_omdnmtzeYt1vgo2ero1_500.jpg",
              "width": 500,
              "height": 667
            },
            "alt_sizes": [
              {
                "url": "https://68.media.tumblr.com/f07979e356d103779f7b6dd6f5ce970c/tumblr_omdnmtzeYt1vgo2ero1_500.jpg",
                "width": 500,
                "height": 667
              },
              {
                "url": "https://68.media.tumblr.com/f07979e356d103779f7b6dd6f5ce970c/tumblr_omdnmtzeYt1vgo2ero1_400.jpg",
                "width": 400,
                "height": 534
              },
              {
                "url": "https://68.media.tumblr.com/f07979e356d103779f7b6dd6f5ce970c/tumblr_omdnmtzeYt1vgo2ero1_250.jpg",
                "width": 250,
                "height": 334
              },
              {
                "url": "https://68.media.tumblr.com/f07979e356d103779f7b6dd6f5ce970c/tumblr_omdnmtzeYt1vgo2ero1_100.jpg",
                "width": 100,
                "height": 133
              },
              {
                "url": "https://68.media.tumblr.com/f07979e356d103779f7b6dd6f5ce970c/tumblr_omdnmtzeYt1vgo2ero1_75sq.jpg",
                "width": 75,
                "height": 75
              }
            ]
          }
        ],
        "liked_timestamp": 1495877342,
        "can_like": true,
        "can_reblog": true,
        "can_send_in_message": true,
        "can_reply": true,
        "display_avatar": true
      }
    ],
    "liked_count": 438
  }
}