<?xml version="1.0" encoding="UTF-8"?>
<addon id="plugin.video.myvidster"
version="0.1.5"
name="MyVidster"
provider-name="moedje">
<requires>
  <import addon="xbmc.python" version="2.24.0"/>
  <import addon="script.module.urlquick" optional="true"/>
  <import addon="script.module.youtube.dl" optional="true"/>
  <import addon="script.module.urlresolver" optional="true"/>
  <import addon="script.module.pil" optional="true"/>
 <!--
  -->
</requires>
<extension point="xbmc.python.pluginsource" library="main.py">
  <provides>video</provides>
</extension>
<extension point="xbmc.addon.metadata">
  <summary lang="en">MyVidster</summary>
  <description lang="en">Player for MyVidster.Com video's. [B]V0.1.0[/B] First working Channel Listing with Thumbs. 0.0.1-0.0.5: Initial release only pulls from my user feed. Also doesn't correctly manage to pull all favorite thumbnail images if they are adult content.  Search is also not yet
  </description>
  <disclaimer lang="en">Not to be used for any illegal activities.</disclaimer>
</extension>
</addon>
