<?xml version="1.0" encoding="UTF-8" standalone="yes"?>
<addon id="plugin.video.bingvids" name="bingvids" version="0.5.0" provider-name="moedje">
  <requires>
    <import addon="xbmc.python" version="2.25.0" />
    <import addon="script.module.kodiswift" version="0.0.8"/>
    <import addon="script.module.requests" version="2.18.4"/>
    <import addon="script.module.youtube.dl" optional="true"/>
    <import addon="script.module.urlresolver" optional="true"/>
    <import addon="script.module.simple.downloader" optional="true"/>
  </requires>
  <extension point="xbmc.python.pluginsource" library="addon.py">
    <provides>video</provides>
  </extension>
  <extension point="xbmc.addon.metadata">
    <platform>all</platform>
    <language>en</language>
    <summary lang="en">Search Bing for Videos</summary>
    <description lang="en">Search the web for video's using Bing Video Search API advanced operators such as AND OR + - etc are supported and the full reference can be found at https://docs.microsoft.com/en-us/rest/api/cognitiveservices/bing-web-api-v7-reference</description>
    <disclaimer lang="en">Disclaimer for "bingvids"</disclaimer>
  </extension>
</addon>
