<?xml version="1.0" encoding="UTF-8" standalone="yes"?>
<addon id="plugin.video.dagay" name="DaGay" provider-name="kodi-repo-gaymods" version="2.0.0">
  <requires>
    <import addon="xbmc.python" version="2.1.0"/>
  </requires>
  <extension library="default.py" point="xbmc.python.pluginsource">
    <provides>video</provides>
  </extension>
  <extension point="xbmc.addon.metadata">
    <summary>Gaymods Repo Dagay.com/Deviantclip Porn Videos (Adult 18+)</summary>
    <description>DaGay has Gay Porn or Deviantclip has Str8 set which you want in settings. Modified from the
            plugin.video.dclip will combine the 6 pages of video results into one result screen and set Thumbs view
        </description>
    <platform>all</platform>
  </extension>
</addon>