<?xml version="1.0" encoding="UTF-8" standalone="yes"?>
<addon id="script.module.pyperclip"
       name="pyperclip"
       version="1.5.27"
       provider-name="moedje">
  <requires>
    <import addon="xbmc.python" version="2.1.0"/>
  </requires>
  <extension point="xbmc.python.module" library="lib"/>
  <extension point="xbmc.addon.metadata">
    <summary>Clipboard Python Module</summary>
    <description>Cross Platform Python Module for interacting with the clipboard from https://github.com/asweigart/pyperclip Packaged as a module to allow XBMC / Kodi to interact with the clipboard.</description>
    <platform>all</platform>
    <license>Simplified BSD</license>
    <source>https://github.com/asweigart/pyperclip.git</source>
    <website>https://pypi.python.org/pypi/pyperclip</website>
  </extension>
</addon>
