<?xml version="1.0" encoding="UTF-8" standalone="yes"?>
<addon id={plugin_id} name={plugin_name} version="0.0.1" provider-name={provider_name}>
  <requires>
    <import addon="xbmc.python" version="2.24.0" />
    <import addon="script.module.kodiswift" version="0.0.1" />
  </requires>
  <extension point="xbmc.python.pluginsource" library="addon.py">
    <provides>video</provides>
  </extension>
  <extension point="xbmc.addon.metadata">
    <platform>all</platform>
    <language>en</language>
    <summary lang="en">Summary for {plugin_name}</summary>
    <description lang="en">Description for {plugin_name}</description>
    <disclaimer lang="en">Disclaimer for {plugin_name}</disclaimer>
  </extension>
</addon>
