{
  "meta": {
    "status": 200,
    "msg": "OK"
  },
  "response": {
    "liked_posts": [
      {
        "type": "photo",
        "blog_name": "gratuitouspublicnudity",
        "id": 161120006781,
        "post_url": "http://gratuitouspublicnudity.tumblr.com/post/161120006781",
        "slug": "",
        "date": "2017-05-27 06:32:15 GMT",
        "timestamp": 1495866735,
        "state": "published",
        "format": "html",
        "reblog_key": "ZTtycUyF",
        "tags": [],
        "short_url": "https://tmblr.co/ZIGkxu2M3W39z",
        "summary": "",
        "recommended_source": null,
        "recommended_color": null,
        "note_count": 268,
        "source_url": "http://gloryholes-page.tumblr.com/post/158624854478/glory-hole-cum",
        "source_title": "gloryholes-page",
        "caption": "",
        "reblog": {
          "comment": "",
          "tree_html": ""
        },
        "trail": [],
        "image_permalink": "http://gratuitouspublicnudity.tumblr.com/image/161120006781",
        "photos": [
          {
            "caption": "",
            "original_size": {
              "url": "https://68.media.tumblr.com/f07979e356d103779f7b6dd6f5ce970c/tumblr_omdnmtzeYt1vgo2ero1_500.jpg",
              "width": 500,
              "height": 667
            },
            "alt_sizes": [
              {
                "url": "https://68.media.tumblr.com/f07979e356d103779f7b6dd6f5ce970c/tumblr_omdnmtzeYt1vgo2ero1_500.jpg",
                "width": 500,
                "height": 667
              },
              {
                "url": "https://68.media.tumblr.com/f07979e356d103779f7b6dd6f5ce970c/tumblr_omdnmtzeYt1vgo2ero1_400.jpg",
                "width": 400,
                "height": 534
              },
              {
                "url": "https://68.media.tumblr.com/f07979e356d103779f7b6dd6f5ce970c/tumblr_omdnmtzeYt1vgo2ero1_250.jpg",
                "width": 250,
                "height": 334
              },
              {
                "url": "https://68.media.tumblr.com/f07979e356d103779f7b6dd6f5ce970c/tumblr_omdnmtzeYt1vgo2ero1_100.jpg",
                "width": 100,
                "height": 133
              },
              {
                "url": "https://68.media.tumblr.com/f07979e356d103779f7b6dd6f5ce970c/tumblr_omdnmtzeYt1vgo2ero1_75sq.jpg",
                "width": 75,
                "height": 75
              }
            ]
          }
        ],
        "liked_timestamp": 1495877342,
        "can_like": false,
        "can_reblog": true,
        "can_send_in_message": true,
        "can_reply": false,
        "display_avatar": true
      },
      {
        "type": "video",
        "blog_name": "exhibfantasies",
        "id": 161121693383,
        "post_url": "https://exhibfantasies.tumblr.com/post/161121693383",
        "slug": "",
        "date": "2017-05-27 08:00:12 GMT",
        "timestamp": 1495872012,
        "state": "published",
        "format": "html",
        "reblog_key": "X1D8OFxG",
        "tags": [],
        "short_url": "https://tmblr.co/ZvOggl2M3cUx7",
        "summary": "",
        "recommended_source": null,
        "recommended_color": null,
        "note_count": 12209,
        "source_url": "https://traps-n-trade.tumblr.com/post/134420843343/submission-p-snapchat-royalkvngg21-p",
        "source_title": "traps-n-trade",
        "caption": "",
        "reblog": {
          "comment": "",
          "tree_html": ""
        },
        "trail": [],
        "video_url": "https://vtt.tumblr.com/tumblr_nyr3pdiiVE1tm2hd0.mp4",
        "html5_capable": true,
        "thumbnail_url": "https://31.media.tumblr.com/tumblr_nyr3pdiiVE1tm2hd0_frame1.jpg",
        "thumbnail_width": 360,
        "thumbnail_height": 640,
        "duration": 55,
        "player": [
          {
            "width": 250,
            "embed_code": "\n<video  id='embed-592b05f4d0af3760609224' class='crt-video crt-skin-default' width='250' height='444' poster='https://31.media.tumblr.com/tumblr_nyr3pdiiVE1tm2hd0_frame1.jpg' preload='none' muted data-crt-video data-crt-options='{\"autoheight\":null,\"duration\":55,\"hdUrl\":false,\"filmstrip\":{\"url\":\"https:\\/\\/38.media.tumblr.com\\/previews\\/tumblr_nyr3pdiiVE1tm2hd0_filmstrip.jpg\",\"width\":\"200\",\"height\":\"357\"}}' >\n    <source src=\"https://exhibfantasies.tumblr.com/video_file/t:0lgBDIz-8B01eHaiySmUlw/161121693383/tumblr_nyr3pdiiVE1tm2hd0\" type=\"video/mp4\">\n</video>\n"
          },
          {
            "width": 400,
            "embed_code": "\n<video  id='embed-592b05f4d0af3760609224' class='crt-video crt-skin-default' width='400' height='711' poster='https://31.media.tumblr.com/tumblr_nyr3pdiiVE1tm2hd0_frame1.jpg' preload='none' muted data-crt-video data-crt-options='{\"autoheight\":null,\"duration\":55,\"hdUrl\":false,\"filmstrip\":{\"url\":\"https:\\/\\/38.media.tumblr.com\\/previews\\/tumblr_nyr3pdiiVE1tm2hd0_filmstrip.jpg\",\"width\":\"200\",\"height\":\"357\"}}' >\n    <source src=\"https://exhibfantasies.tumblr.com/video_file/t:0lgBDIz-8B01eHaiySmUlw/161121693383/tumblr_nyr3pdiiVE1tm2hd0\" type=\"video/mp4\">\n</video>\n"
          },
          {
            "width": 500,
            "embed_code": "\n<video  id='embed-592b05f4d0af3760609224' class='crt-video crt-skin-default' width='500' height='889' poster='https://31.media.tumblr.com/tumblr_nyr3pdiiVE1tm2hd0_frame1.jpg' preload='none' muted data-crt-video data-crt-options='{\"autoheight\":null,\"duration\":55,\"hdUrl\":false,\"filmstrip\":{\"url\":\"https:\\/\\/38.media.tumblr.com\\/previews\\/tumblr_nyr3pdiiVE1tm2hd0_filmstrip.jpg\",\"width\":\"200\",\"height\":\"357\"}}' >\n    <source src=\"https://exhibfantasies.tumblr.com/video_file/t:0lgBDIz-8B01eHaiySmUlw/161121693383/tumblr_nyr3pdiiVE1tm2hd0\" type=\"video/mp4\">\n</video>\n"
          }
        ],
        "video_type": "tumblr",
        "liked_timestamp": 1495877256,
        "can_like": false,
        "can_reblog": true,
        "can_send_in_message": true,
        "can_reply": false,
        "display_avatar": true
      },
      {
        "type": "video",
        "blog_name": "gratuitouspublicnudity",
        "id": 161122586198,
        "post_url": "http://gratuitouspublicnudity.tumblr.com/post/161122586198",
        "slug": "thecockjock-shoot-a-load-with-the-cock-jock",
        "date": "2017-05-27 08:53:12 GMT",
        "timestamp": 1495875192,
        "state": "published",
        "format": "html",
        "reblog_key": "QhL8Adgg",
        "tags": [],
        "short_url": "https://tmblr.co/ZIGkxu2M3fuvM",
        "summary": "Shoot a load with The Cock Jock. www.TheCockJock.tumblr.com",
        "recommended_source": null,
        "recommended_color": null,
        "note_count": 23903,
        "source_url": "https://superdirty2.tumblr.com/post/133721875816/fuck-fest-019-car-parks-have-to-be-up-there-in-a",
        "source_title": "superdirty2",
        "caption": "<p><a href=\"https://thecockjock.tumblr.com/post/160268009113/shoot-a-load-with-the-cock-jock\" class=\"tumblr_blog\" target=\"_blank\">thecockjock</a>:</p><blockquote><p><b>Shoot a load with</b> The Cock Jock. <b><a href=\"http://www.thecockjock.tumblr.com/\" target=\"_blank\">www.TheCockJock.tumblr.com</a></b><br/></p></blockquote>",
        "reblog": {
          "comment": "",
          "tree_html": "<p><a href=\"https://thecockjock.tumblr.com/post/160268009113/shoot-a-load-with-the-cock-jock\" class=\"tumblr_blog\" target=\"_blank\">thecockjock</a>:</p>\n<blockquote><p><b>Shoot a load with</b> The Cock Jock. <b><a href=\"http://www.thecockjock.tumblr.com/\" target=\"_blank\">www.TheCockJock.tumblr.com</a></b><br></p></blockquote>"
        },
        "trail": [
          {
            "blog": {
              "name": "thecockjock",
              "active": true,
              "theme": {
                "header_full_width": 726,
                "header_full_height": 415,
                "header_focus_width": 705,
                "header_focus_height": 397,
                "avatar_shape": "square",
                "background_color": "#FAFAFA",
                "body_font": "Helvetica Neue",
                "header_bounds": "7,715,404,10",
                "header_image": "https://static.tumblr.com/f20bdb07ff912a08b50dc605fb264c8a/3kq6qy5/2rbopbvjw/tumblr_static_85rcbe4mq5c0804ows00g4ccg.jpg",
                "header_image_focused": "https://static.tumblr.com/f20bdb07ff912a08b50dc605fb264c8a/3kq6qy5/ysVopbvjy/tumblr_static_tumblr_static_85rcbe4mq5c0804ows00g4ccg_focused_v3.jpg",
                "header_image_scaled": "https://static.tumblr.com/f20bdb07ff912a08b50dc605fb264c8a/3kq6qy5/2rbopbvjw/tumblr_static_85rcbe4mq5c0804ows00g4ccg_2048_v2.jpg",
                "header_stretch": true,
                "link_color": "#529ECC",
                "show_avatar": true,
                "show_description": true,
                "show_header_image": true,
                "show_title": true,
                "title_color": "#444444",
                "title_font": "Gibson",
                "title_font_weight": "bold"
              },
              "share_likes": true,
              "share_following": true,
              "can_be_followed": true
            },
            "post": {
              "id": "160268009113"
            },
            "content_raw": "<p><b>Shoot a load with</b> The Cock Jock. <b><a href=\"http://www.thecockjock.tumblr.com/\" target=\"_blank\">www.TheCockJock.tumblr.com</a></b><br></p>",
            "content": "<p><b>Shoot a load with</b> The Cock Jock. <b><a href=\"http://www.thecockjock.tumblr.com/\" target=\"_blank\">www.TheCockJock.tumblr.com</a></b><br /></p>"
          }
        ],
        "video_url": "https://vtt.tumblr.com/tumblr_ny7xk4wrKu1s0zoan.mp4",
        "html5_capable": true,
        "thumbnail_url": "https://31.media.tumblr.com/tumblr_ny7xk4wrKu1s0zoan_frame1.jpg",
        "thumbnail_width": 360,
        "thumbnail_height": 640,
        "duration": 135,
        "player": [
          {
            "width": 250,
            "embed_code": "\n<video  id='embed-592b05f4d2811282769223' class='crt-video crt-skin-default' width='250' height='444' poster='https://31.media.tumblr.com/tumblr_ny7xk4wrKu1s0zoan_frame1.jpg' preload='none' muted data-crt-video data-crt-options='{\"autoheight\":null,\"duration\":135,\"hdUrl\":false,\"filmstrip\":{\"url\":\"https:\\/\\/33.media.tumblr.com\\/previews\\/tumblr_ny7xk4wrKu1s0zoan_filmstrip.jpg\",\"width\":\"200\",\"height\":\"357\"}}' >\n    <source src=\"https://gratuitouspublicnudity.tumblr.com/video_file/t:9fZWcuSxLMrJ1xok75hcSA/161122586198/tumblr_ny7xk4wrKu1s0zoan\" type=\"video/mp4\">\n</video>\n"
          },
          {
            "width": 400,
            "embed_code": "\n<video  id='embed-592b05f4d2811282769223' class='crt-video crt-skin-default' width='400' height='711' poster='https://31.media.tumblr.com/tumblr_ny7xk4wrKu1s0zoan_frame1.jpg' preload='none' muted data-crt-video data-crt-options='{\"autoheight\":null,\"duration\":135,\"hdUrl\":false,\"filmstrip\":{\"url\":\"https:\\/\\/33.media.tumblr.com\\/previews\\/tumblr_ny7xk4wrKu1s0zoan_filmstrip.jpg\",\"width\":\"200\",\"height\":\"357\"}}' >\n    <source src=\"https://gratuitouspublicnudity.tumblr.com/video_file/t:9fZWcuSxLMrJ1xok75hcSA/161122586198/tumblr_ny7xk4wrKu1s0zoan\" type=\"video/mp4\">\n</video>\n"
          },
          {
            "width": 500,
            "embed_code": "\n<video  id='embed-592b05f4d2811282769223' class='crt-video crt-skin-default' width='500' height='889' poster='https://31.media.tumblr.com/tumblr_ny7xk4wrKu1s0zoan_frame1.jpg' preload='none' muted data-crt-video data-crt-options='{\"autoheight\":null,\"duration\":135,\"hdUrl\":false,\"filmstrip\":{\"url\":\"https:\\/\\/33.media.tumblr.com\\/previews\\/tumblr_ny7xk4wrKu1s0zoan_filmstrip.jpg\",\"width\":\"200\",\"height\":\"357\"}}' >\n    <source src=\"https://gratuitouspublicnudity.tumblr.com/video_file/t:9fZWcuSxLMrJ1xok75hcSA/161122586198/tumblr_ny7xk4wrKu1s0zoan\" type=\"video/mp4\">\n</video>\n"
          }
        ],
        "video_type": "tumblr",
        "liked_timestamp": 1495877163,
        "can_like": false,
        "can_reblog": true,
        "can_send_in_message": true,
        "can_reply": false,
        "display_avatar": true
      },
      {
        "type": "video",
        "blog_name": "gayactioninpublic",
        "id": 161062911575,
        "post_url": "https://gayactioninpublic.tumblr.com/post/161062911575",
        "slug": "",
        "date": "2017-05-25 17:18:29 GMT",
        "timestamp": 1495732709,
        "state": "published",
        "format": "html",
        "reblog_key": "Ri0CkQ1W",
        "tags": [],
        "short_url": "https://tmblr.co/ZQPXuf2M06FvN",
        "summary": "",
        "recommended_source": null,
        "recommended_color": null,
        "note_count": 21449,
        "source_url": "http://heatedtabloid101.tumblr.com/post/143220502800/car-service",
        "source_title": "heatedtabloid101",
        "caption": "",
        "reblog": {
          "comment": "",
          "tree_html": ""
        },
        "trail": [],
        "video_url": "https://vtt.tumblr.com/tumblr_o61ljmKEwj1rk9bqh.mp4",
        "html5_capable": true,
        "thumbnail_url": "https://31.media.tumblr.com/tumblr_o61ljmKEwj1rk9bqh_frame1.jpg",
        "thumbnail_width": 480,
        "thumbnail_height": 480,
        "duration": 29,
        "player": [
          {
            "width": 250,
            "embed_code": "\n<video  id='embed-592b05f4d3e05958558363' class='crt-video crt-skin-default' width='250' height='250' poster='https://31.media.tumblr.com/tumblr_o61ljmKEwj1rk9bqh_frame1.jpg' preload='none' muted data-crt-video data-crt-options='{\"autoheight\":null,\"duration\":29,\"hdUrl\":false,\"filmstrip\":{\"url\":\"https:\\/\\/38.media.tumblr.com\\/previews\\/tumblr_o61ljmKEwj1rk9bqh_filmstrip.jpg\",\"width\":\"200\",\"height\":\"200\"}}' >\n    <source src=\"https://gayactioninpublic.tumblr.com/video_file/t:kZRxFzqG0oXv0_dosADnPw/161062911575/tumblr_o61ljmKEwj1rk9bqh\" type=\"video/mp4\">\n</video>\n"
          },
          {
            "width": 400,
            "embed_code": "\n<video  id='embed-592b05f4d3e05958558363' class='crt-video crt-skin-default' width='400' height='400' poster='https://31.media.tumblr.com/tumblr_o61ljmKEwj1rk9bqh_frame1.jpg' preload='none' muted data-crt-video data-crt-options='{\"autoheight\":null,\"duration\":29,\"hdUrl\":false,\"filmstrip\":{\"url\":\"https:\\/\\/38.media.tumblr.com\\/previews\\/tumblr_o61ljmKEwj1rk9bqh_filmstrip.jpg\",\"width\":\"200\",\"height\":\"200\"}}' >\n    <source src=\"https://gayactioninpublic.tumblr.com/video_file/t:kZRxFzqG0oXv0_dosADnPw/161062911575/tumblr_o61ljmKEwj1rk9bqh\" type=\"video/mp4\">\n</video>\n"
          },
          {
            "width": 500,
            "embed_code": "\n<video  id='embed-592b05f4d3e05958558363' class='crt-video crt-skin-default' width='500' height='500' poster='https://31.media.tumblr.com/tumblr_o61ljmKEwj1rk9bqh_frame1.jpg' preload='none' muted data-crt-video data-crt-options='{\"autoheight\":null,\"duration\":29,\"hdUrl\":false,\"filmstrip\":{\"url\":\"https:\\/\\/38.media.tumblr.com\\/previews\\/tumblr_o61ljmKEwj1rk9bqh_filmstrip.jpg\",\"width\":\"200\",\"height\":\"200\"}}' >\n    <source src=\"https://gayactioninpublic.tumblr.com/video_file/t:kZRxFzqG0oXv0_dosADnPw/161062911575/tumblr_o61ljmKEwj1rk9bqh\" type=\"video/mp4\">\n</video>\n"
          }
        ],
        "video_type": "tumblr",
        "liked_timestamp": 1495877079,
        "can_like": false,
        "can_reblog": true,
        "can_send_in_message": true,
        "can_reply": false,
        "display_avatar": true
      },
      {
        "type": "video",
        "blog_name": "hunglondonertop",
        "id": 158809985995,
        "post_url": "https://hunglondonertop.tumblr.com/post/158809985995/gayjerkworld-where-all-the-men-play-explore",
        "slug": "gayjerkworld-where-all-the-men-play-explore",
        "date": "2017-03-25 12:01:16 GMT",
        "timestamp": 1490443276,
        "state": "published",
        "format": "html",
        "reblog_key": "E3MfLITR",
        "tags": [
          "faves"
        ],
        "short_url": "https://tmblr.co/ZpWgvl2Jvq1FB",
        "summary": "Where all the men play. Explore www.GayJerkWorld.tumblr.com for all of your jack off needs. Lube it up. Cum masturbate.",
        "recommended_source": null,
        "recommended_color": null,
        "note_count": 82635,
        "source_url": "http://zedhorny.tumblr.com/post/144612551315/top-fucks-his-twink-in-hotel-cock-slides-nice",
        "source_title": "zedhorny",
        "caption": "<p><a href=\"http://gayjerkworld.tumblr.com/post/146721358673/where-all-the-men-play-explore\" class=\"tumblr_blog\">gayjerkworld</a>:</p><blockquote><p><b>Where all the men play.</b> Explore <b><a href=\"http://www.GayJerkWorld.tumblr.com\">www.GayJerkWorld.tumblr.com</a></b> for all of your jack off needs. <b>Lube it up.</b> <i>Cum masturbate.</i></p></blockquote>",
        "reblog": {
          "comment": "",
          "tree_html": "<p><a href=\"http://gayjerkworld.tumblr.com/post/146721358673/where-all-the-men-play-explore\" class=\"tumblr_blog\">gayjerkworld</a>:</p>\n<blockquote><p><b>Where all the men play.</b> Explore <b><a href=\"http://www.GayJerkWorld.tumblr.com\">www.GayJerkWorld.tumblr.com</a></b> for all of your jack off needs. <b>Lube it up.</b> <i>Cum masturbate.</i></p></blockquote>"
        },
        "trail": [
          {
            "blog": {
              "name": "gayjerkworld",
              "active": true,
              "theme": {
                "header_full_width": 733,
                "header_full_height": 272,
                "header_focus_width": 476,
                "header_focus_height": 269,
                "avatar_shape": "square",
                "background_color": "#000000",
                "body_font": "Helvetica Neue",
                "header_bounds": "1,604,270,128",
                "header_image": "https://static.tumblr.com/0b16312de007469253e90a91e4b958a7/lgqj5zo/BKDo6xaw4/tumblr_static_99ql0sa3u3gg08gk80gso0484.jpg",
                "header_image_focused": "https://static.tumblr.com/0b16312de007469253e90a91e4b958a7/lgqj5zo/2Abo6xaw6/tumblr_static_tumblr_static_99ql0sa3u3gg08gk80gso0484_focused_v3.jpg",
                "header_image_scaled": "https://static.tumblr.com/0b16312de007469253e90a91e4b958a7/lgqj5zo/BKDo6xaw4/tumblr_static_99ql0sa3u3gg08gk80gso0484_2048_v2.jpg",
                "header_stretch": true,
                "link_color": "#56BC8A",
                "show_avatar": true,
                "show_description": true,
                "show_header_image": true,
                "show_title": true,
                "title_color": "#38bb11",
                "title_font": "Avalon",
                "title_font_weight": "bold"
              },
              "share_likes": false,
              "share_following": false,
              "can_be_followed": true
            },
            "post": {
              "id": "146721358673"
            },
            "content_raw": "<p><b>Where all the men play.</b> Explore <b><a href=\"http://www.GayJerkWorld.tumblr.com\">www.GayJerkWorld.tumblr.com</a></b> for all of your jack off needs. <b>Lube it up.</b> <i>Cum masturbate.</i></p>",
            "content": "<p><b>Where all the men play.</b> Explore <b><a href=\"http://www.GayJerkWorld.tumblr.com\">www.GayJerkWorld.tumblr.com</a></b> for all of your jack off needs. <b>Lube it up.</b> <i>Cum masturbate.</i></p>"
          }
        ],
        "video_url": "https://vtt.tumblr.com/tumblr_o7fsg7tms81vsqfd9.mp4",
        "html5_capable": true,
        "thumbnail_url": "https://31.media.tumblr.com/tumblr_o7fsg7tms81vsqfd9_frame1.jpg",
        "thumbnail_width": 1280,
        "thumbnail_height": 720,
        "duration": 102,
        "player": [
          {
            "width": 250,
            "embed_code": "\n<video  id='embed-592b05f4d818b023128127' class='crt-video crt-skin-default' width='250' height='141' poster='https://31.media.tumblr.com/tumblr_o7fsg7tms81vsqfd9_frame1.jpg' preload='none' muted data-crt-video data-crt-options='{\"autoheight\":null,\"duration\":102,\"hdUrl\":\"https:\\/\\/hunglondonertop.tumblr.com\\/video_file\\/t:PVXq7kGRlkESKa2uoO3aHg\\/158809985995\\/tumblr_o7fsg7tms81vsqfd9\",\"filmstrip\":{\"url\":\"https:\\/\\/66.media.tumblr.com\\/previews\\/tumblr_o7fsg7tms81vsqfd9_filmstrip.jpg\",\"width\":\"200\",\"height\":\"112\"}}' >\n    <source src=\"https://hunglondonertop.tumblr.com/video_file/t:PVXq7kGRlkESKa2uoO3aHg/158809985995/tumblr_o7fsg7tms81vsqfd9/480\" type=\"video/mp4\">\n</video>\n"
          },
          {
            "width": 400,
            "embed_code": "\n<video  id='embed-592b05f4d818b023128127' class='crt-video crt-skin-default' width='400' height='225' poster='https://31.media.tumblr.com/tumblr_o7fsg7tms81vsqfd9_frame1.jpg' preload='none' muted data-crt-video data-crt-options='{\"autoheight\":null,\"duration\":102,\"hdUrl\":\"https:\\/\\/hunglondonertop.tumblr.com\\/video_file\\/t:PVXq7kGRlkESKa2uoO3aHg\\/158809985995\\/tumblr_o7fsg7tms81vsqfd9\",\"filmstrip\":{\"url\":\"https:\\/\\/66.media.tumblr.com\\/previews\\/tumblr_o7fsg7tms81vsqfd9_filmstrip.jpg\",\"width\":\"200\",\"height\":\"112\"}}' >\n    <source src=\"https://hunglondonertop.tumblr.com/video_file/t:PVXq7kGRlkESKa2uoO3aHg/158809985995/tumblr_o7fsg7tms81vsqfd9/480\" type=\"video/mp4\">\n</video>\n"
          },
          {
            "width": 500,
            "embed_code": "\n<video  id='embed-592b05f4d818b023128127' class='crt-video crt-skin-default' width='500' height='281' poster='https://31.media.tumblr.com/tumblr_o7fsg7tms81vsqfd9_frame1.jpg' preload='none' muted data-crt-video data-crt-options='{\"autoheight\":null,\"duration\":102,\"hdUrl\":\"https:\\/\\/hunglondonertop.tumblr.com\\/video_file\\/t:PVXq7kGRlkESKa2uoO3aHg\\/158809985995\\/tumblr_o7fsg7tms81vsqfd9\",\"filmstrip\":{\"url\":\"https:\\/\\/66.media.tumblr.com\\/previews\\/tumblr_o7fsg7tms81vsqfd9_filmstrip.jpg\",\"width\":\"200\",\"height\":\"112\"}}' >\n    <source src=\"https://hunglondonertop.tumblr.com/video_file/t:PVXq7kGRlkESKa2uoO3aHg/158809985995/tumblr_o7fsg7tms81vsqfd9/480\" type=\"video/mp4\">\n</video>\n"
          }
        ],
        "video_type": "tumblr",
        "liked_timestamp": 1495396406,
        "can_like": false,
        "can_reblog": true,
        "can_send_in_message": true,
        "can_reply": false,
        "display_avatar": true
      },
      {
        "type": "video",
        "blog_name": "flasherdudenyc",
        "id": 156310789198,
        "post_url": "http://flasherdudenyc.tumblr.com/post/156310789198/i-wanna-piss-on-their-mouths-while-they-do-this",
        "slug": "i-wanna-piss-on-their-mouths-while-they-do-this",
        "date": "2017-01-24 14:27:35 GMT",
        "timestamp": 1485268055,
        "state": "published",
        "format": "html",
        "reblog_key": "54qC3NAh",
        "tags": [],
        "short_url": "https://tmblr.co/ZVeKwj2HasLnE",
        "summary": "I wanna piss on their mouths while they do this",
        "recommended_source": null,
        "recommended_color": null,
        "note_count": 65977,
        "caption": "<p>I wanna piss on their mouths while they do this<br/></p>",
        "reblog": {
          "comment": "<p>I wanna piss on their mouths while they do this<br></p>",
          "tree_html": ""
        },
        "trail": [
          {
            "blog": {
              "name": "flasherdudenyc",
              "active": true,
              "theme": {
                "header_full_width": 490,
                "header_full_height": 311,
                "header_focus_width": 490,
                "header_focus_height": 276,
                "avatar_shape": "square",
                "background_color": "#FFFFFF",
                "body_font": "Helvetica Neue",
                "header_bounds": "17,490,293,0",
                "header_image": "https://static.tumblr.com/f325d44c5ae6b08d0f47b98aa9b0a8e8/wgnmqa1/c1coq1urm/tumblr_static_a3zq9tmqsn40wc4o8840884ok.gif",
                "header_image_focused": "https://static.tumblr.com/d8dcaad2293e0ec3120bff2ffe02a2c6/wgnmqa1/myioq1urp/tumblr_static_tumblr_static_a3zq9tmqsn40wc4o8840884ok_focused_v3.jpg",
                "header_image_scaled": "https://static.tumblr.com/f325d44c5ae6b08d0f47b98aa9b0a8e8/wgnmqa1/c1coq1urm/tumblr_static_a3zq9tmqsn40wc4o8840884ok_2048_v2.gif",
                "header_stretch": true,
                "link_color": "#888888",
                "show_avatar": true,
                "show_description": true,
                "show_header_image": true,
                "show_title": true,
                "title_color": "#444444",
                "title_font": "Gibson",
                "title_font_weight": "bold"
              },
              "share_likes": false,
              "share_following": false,
              "can_be_followed": true
            },
            "post": {
              "id": "156310789198"
            },
            "content_raw": "<p>I wanna piss on their mouths while they do this<br></p>",
            "content": "<p>I wanna piss on their mouths while they do this<br /></p>",
            "is_current_item": true
          }
        ],
        "video_url": "https://vtt.tumblr.com/tumblr_o004ajpVKx1rivb74.mp4",
        "html5_capable": true,
        "thumbnail_url": "https://31.media.tumblr.com/tumblr_o004ajpVKx1rivb74_frame1.jpg",
        "thumbnail_width": 270,
        "thumbnail_height": 480,
        "duration": 9,
        "player": [
          {
            "width": 250,
            "embed_code": "\n<video  id='embed-592b05f4d9860970309409' class='crt-video crt-skin-default' width='250' height='444' poster='https://31.media.tumblr.com/tumblr_o004ajpVKx1rivb74_frame1.jpg' preload='none' muted data-crt-video data-crt-options='{\"autoheight\":null,\"duration\":9,\"hdUrl\":false,\"filmstrip\":{\"url\":\"https:\\/\\/38.media.tumblr.com\\/previews\\/tumblr_o004ajpVKx1rivb74_filmstrip.jpg\",\"width\":\"200\",\"height\":\"357\"}}' >\n    <source src=\"https://flasherdudenyc.tumblr.com/video_file/t:tm4GLHwL5Yvnu2jwNLPWvg/156310789198/tumblr_o004ajpVKx1rivb74\" type=\"video/mp4\">\n</video>\n"
          },
          {
            "width": 400,
            "embed_code": "\n<video  id='embed-592b05f4d9860970309409' class='crt-video crt-skin-default' width='400' height='711' poster='https://31.media.tumblr.com/tumblr_o004ajpVKx1rivb74_frame1.jpg' preload='none' muted data-crt-video data-crt-options='{\"autoheight\":null,\"duration\":9,\"hdUrl\":false,\"filmstrip\":{\"url\":\"https:\\/\\/38.media.tumblr.com\\/previews\\/tumblr_o004ajpVKx1rivb74_filmstrip.jpg\",\"width\":\"200\",\"height\":\"357\"}}' >\n    <source src=\"https://flasherdudenyc.tumblr.com/video_file/t:tm4GLHwL5Yvnu2jwNLPWvg/156310789198/tumblr_o004ajpVKx1rivb74\" type=\"video/mp4\">\n</video>\n"
          },
          {
            "width": 500,
            "embed_code": "\n<video  id='embed-592b05f4d9860970309409' class='crt-video crt-skin-default' width='500' height='889' poster='https://31.media.tumblr.com/tumblr_o004ajpVKx1rivb74_frame1.jpg' preload='none' muted data-crt-video data-crt-options='{\"autoheight\":null,\"duration\":9,\"hdUrl\":false,\"filmstrip\":{\"url\":\"https:\\/\\/38.media.tumblr.com\\/previews\\/tumblr_o004ajpVKx1rivb74_filmstrip.jpg\",\"width\":\"200\",\"height\":\"357\"}}' >\n    <source src=\"https://flasherdudenyc.tumblr.com/video_file/t:tm4GLHwL5Yvnu2jwNLPWvg/156310789198/tumblr_o004ajpVKx1rivb74\" type=\"video/mp4\">\n</video>\n"
          }
        ],
        "video_type": "tumblr",
        "liked_timestamp": 1495321756,
        "can_like": false,
        "can_reblog": true,
        "can_send_in_message": true,
        "can_reply": false,
        "display_avatar": true
      },
      {
        "type": "video",
        "blog_name": "flasherdudenyc",
        "id": 159861746178,
        "post_url": "http://flasherdudenyc.tumblr.com/post/159861746178/straight-roommate",
        "slug": "straight-roommate",
        "date": "2017-04-22 13:41:13 GMT",
        "timestamp": 1492868473,
        "state": "published",
        "format": "html",
        "reblog_key": "MMvUiNg8",
        "tags": [],
        "short_url": "https://tmblr.co/ZVeKwj2KuWAe2",
        "summary": "Straight roommate",
        "recommended_source": null,
        "recommended_color": null,
        "note_count": 18668,
        "source_url": "https://roommate-naked-videos.tumblr.com/post/159336350087/roommate-hanging-out-in-livingroom-snacking-and",
        "source_title": "roommate-naked-videos",
        "caption": "<p>Straight roommate</p>",
        "reblog": {
          "comment": "<p>Straight roommate</p>",
          "tree_html": ""
        },
        "trail": [
          {
            "blog": {
              "name": "flasherdudenyc",
              "active": true,
              "theme": {
                "header_full_width": 490,
                "header_full_height": 311,
                "header_focus_width": 490,
                "header_focus_height": 276,
                "avatar_shape": "square",
                "background_color": "#FFFFFF",
                "body_font": "Helvetica Neue",
                "header_bounds": "17,490,293,0",
                "header_image": "https://static.tumblr.com/f325d44c5ae6b08d0f47b98aa9b0a8e8/wgnmqa1/c1coq1urm/tumblr_static_a3zq9tmqsn40wc4o8840884ok.gif",
                "header_image_focused": "https://static.tumblr.com/d8dcaad2293e0ec3120bff2ffe02a2c6/wgnmqa1/myioq1urp/tumblr_static_tumblr_static_a3zq9tmqsn40wc4o8840884ok_focused_v3.jpg",
                "header_image_scaled": "https://static.tumblr.com/f325d44c5ae6b08d0f47b98aa9b0a8e8/wgnmqa1/c1coq1urm/tumblr_static_a3zq9tmqsn40wc4o8840884ok_2048_v2.gif",
                "header_stretch": true,
                "link_color": "#888888",
                "show_avatar": true,
                "show_description": true,
                "show_header_image": true,
                "show_title": true,
                "title_color": "#444444",
                "title_font": "Gibson",
                "title_font_weight": "bold"
              },
              "share_likes": false,
              "share_following": false,
              "can_be_followed": true
            },
            "post": {
              "id": "159861746178"
            },
            "content_raw": "<p>Straight roommate</p>",
            "content": "<p>Straight roommate</p>",
            "is_current_item": true
          }
        ],
        "video_url": "https://vtt.tumblr.com/tumblr_oo3ecpjdUJ1ul4fh2.mp4",
        "html5_capable": true,
        "thumbnail_url": "https://31.media.tumblr.com/tumblr_oo3ecpjdUJ1ul4fh2_frame1.jpg",
        "thumbnail_width": 480,
        "thumbnail_height": 852,
        "duration": 54,
        "player": [
          {
            "width": 250,
            "embed_code": "\n<video  id='embed-592b05f4da945048827760' class='crt-video crt-skin-default' width='250' height='444' poster='https://68.media.tumblr.com/tumblr_oo3ecpjdUJ1ul4fh2_smart1.jpg' preload='none' muted data-crt-video data-crt-options='{\"autoheight\":null,\"duration\":54,\"hdUrl\":false,\"filmstrip\":{\"url\":\"https:\\/\\/68.media.tumblr.com\\/previews\\/tumblr_oo3ecpjdUJ1ul4fh2_filmstrip.jpg\",\"width\":\"200\",\"height\":\"357\"}}' >\n    <source src=\"https://flasherdudenyc.tumblr.com/video_file/t:tm4GLHwL5Yvnu2jwNLPWvg/159861746178/tumblr_oo3ecpjdUJ1ul4fh2\" type=\"video/mp4\">\n</video>\n"
          },
          {
            "width": 400,
            "embed_code": "\n<video  id='embed-592b05f4da945048827760' class='crt-video crt-skin-default' width='400' height='710' poster='https://68.media.tumblr.com/tumblr_oo3ecpjdUJ1ul4fh2_smart1.jpg' preload='none' muted data-crt-video data-crt-options='{\"autoheight\":null,\"duration\":54,\"hdUrl\":false,\"filmstrip\":{\"url\":\"https:\\/\\/68.media.tumblr.com\\/previews\\/tumblr_oo3ecpjdUJ1ul4fh2_filmstrip.jpg\",\"width\":\"200\",\"height\":\"357\"}}' >\n    <source src=\"https://flasherdudenyc.tumblr.com/video_file/t:tm4GLHwL5Yvnu2jwNLPWvg/159861746178/tumblr_oo3ecpjdUJ1ul4fh2\" type=\"video/mp4\">\n</video>\n"
          },
          {
            "width": 500,
            "embed_code": "\n<video  id='embed-592b05f4da945048827760' class='crt-video crt-skin-default' width='500' height='888' poster='https://68.media.tumblr.com/tumblr_oo3ecpjdUJ1ul4fh2_smart1.jpg' preload='none' muted data-crt-video data-crt-options='{\"autoheight\":null,\"duration\":54,\"hdUrl\":false,\"filmstrip\":{\"url\":\"https:\\/\\/68.media.tumblr.com\\/previews\\/tumblr_oo3ecpjdUJ1ul4fh2_filmstrip.jpg\",\"width\":\"200\",\"height\":\"357\"}}' >\n    <source src=\"https://flasherdudenyc.tumblr.com/video_file/t:tm4GLHwL5Yvnu2jwNLPWvg/159861746178/tumblr_oo3ecpjdUJ1ul4fh2\" type=\"video/mp4\">\n</video>\n"
          }
        ],
        "video_type": "tumblr",
        "liked_timestamp": 1495321571,
        "can_like": false,
        "can_reblog": true,
        "can_send_in_message": true,
        "can_reply": false,
        "display_avatar": true
      },
      {
        "type": "photo",
        "blog_name": "flasherdudenyc",
        "id": 160834948078,
        "post_url": "http://flasherdudenyc.tumblr.com/post/160834948078/hanging-out-after-school",
        "slug": "hanging-out-after-school",
        "date": "2017-05-19 11:01:07 GMT",
        "timestamp": 1495191667,
        "state": "published",
        "format": "html",
        "reblog_key": "UrTcgjUX",
        "tags": [],
        "short_url": "https://tmblr.co/ZVeKwj2LoWelk",
        "summary": "Hanging out after school",
        "recommended_source": null,
        "recommended_color": null,
        "note_count": 90,
        "caption": "<p>Hanging out after school</p>",
        "reblog": {
          "comment": "<p>Hanging out after school</p>",
          "tree_html": ""
        },
        "trail": [
          {
            "blog": {
              "name": "flasherdudenyc",
              "active": true,
              "theme": {
                "header_full_width": 490,
                "header_full_height": 311,
                "header_focus_width": 490,
                "header_focus_height": 276,
                "avatar_shape": "square",
                "background_color": "#FFFFFF",
                "body_font": "Helvetica Neue",
                "header_bounds": "17,490,293,0",
                "header_image": "https://static.tumblr.com/f325d44c5ae6b08d0f47b98aa9b0a8e8/wgnmqa1/c1coq1urm/tumblr_static_a3zq9tmqsn40wc4o8840884ok.gif",
                "header_image_focused": "https://static.tumblr.com/d8dcaad2293e0ec3120bff2ffe02a2c6/wgnmqa1/myioq1urp/tumblr_static_tumblr_static_a3zq9tmqsn40wc4o8840884ok_focused_v3.jpg",
                "header_image_scaled": "https://static.tumblr.com/f325d44c5ae6b08d0f47b98aa9b0a8e8/wgnmqa1/c1coq1urm/tumblr_static_a3zq9tmqsn40wc4o8840884ok_2048_v2.gif",
                "header_stretch": true,
                "link_color": "#888888",
                "show_avatar": true,
                "show_description": true,
                "show_header_image": true,
                "show_title": true,
                "title_color": "#444444",
                "title_font": "Gibson",
                "title_font_weight": "bold"
              },
              "share_likes": false,
              "share_following": false,
              "can_be_followed": true
            },
            "post": {
              "id": "160834948078"
            },
            "content_raw": "<p>Hanging out after school</p>",
            "content": "<p>Hanging out after school</p>",
            "is_current_item": true,
            "is_root_item": true
          }
        ],
        "image_permalink": "http://flasherdudenyc.tumblr.com/image/160834948078",
        "photos": [
          {
            "caption": "",
            "original_size": {
              "url": "https://68.media.tumblr.com/7f035b016be9585d33460b62d808c52c/tumblr_oq759vP6fn1ubefvyo1_1280.jpg",
              "width": 640,
              "height": 853
            },
            "alt_sizes": [
              {
                "url": "https://68.media.tumblr.com/7f035b016be9585d33460b62d808c52c/tumblr_oq759vP6fn1ubefvyo1_1280.jpg",
                "width": 640,
                "height": 853
              },
              {
                "url": "https://68.media.tumblr.com/7f035b016be9585d33460b62d808c52c/tumblr_oq759vP6fn1ubefvyo1_540.jpg",
                "width": 540,
                "height": 720
              },
              {
                "url": "https://68.media.tumblr.com/7f035b016be9585d33460b62d808c52c/tumblr_oq759vP6fn1ubefvyo1_500.jpg",
                "width": 500,
                "height": 666
              },
              {
                "url": "https://68.media.tumblr.com/7f035b016be9585d33460b62d808c52c/tumblr_oq759vP6fn1ubefvyo1_400.jpg",
                "width": 400,
                "height": 533
              },
              {
                "url": "https://68.media.tumblr.com/7f035b016be9585d33460b62d808c52c/tumblr_oq759vP6fn1ubefvyo1_250.jpg",
                "width": 250,
                "height": 333
              },
              {
                "url": "https://68.media.tumblr.com/7f035b016be9585d33460b62d808c52c/tumblr_oq759vP6fn1ubefvyo1_100.jpg",
                "width": 100,
                "height": 133
              },
              {
                "url": "https://68.media.tumblr.com/7f035b016be9585d33460b62d808c52c/tumblr_oq759vP6fn1ubefvyo1_75sq.jpg",
                "width": 75,
                "height": 75
              }
            ]
          }
        ],
        "liked_timestamp": 1495321489,
        "can_like": false,
        "can_reblog": true,
        "can_send_in_message": true,
        "can_reply": false,
        "display_avatar": true
      },
      {
        "type": "video",
        "blog_name": "gay-public-greece",
        "id": 144101694957,
        "post_url": "https://gay-public-greece.tumblr.com/post/144101694957/gay-pyblic-greece-only-original-stuff-huge-dick",
        "slug": "gay-pyblic-greece-only-original-stuff-huge-dick",
        "date": "2016-05-09 16:22:06 GMT",
        "timestamp": 1462810926,
        "state": "published",
        "format": "html",
        "reblog_key": "VxaTbTec",
        "tags": [
          "gay",
          "sex",
          "park",
          "outdoor",
          "fun",
          "dick",
          "huge"
        ],
        "short_url": "https://tmblr.co/ZGJgMh26D8Ltj",
        "summary": "Gay Pyblic Greece - Only original stuff Huge dick in the park.",
        "recommended_source": null,
        "recommended_color": null,
        "note_count": 3534,
        "caption": "<p><a href=\"http://gay-public-greece.tumblr.com\"><b>Gay Pyblic Greece</b></a> - <i>Only original stuff</i></p><p><i>Huge dick in the park.</i></p>",
        "reblog": {
          "comment": "<p><a href=\"http://gay-public-greece.tumblr.com\"><b>Gay Pyblic Greece</b></a> - <i>Only original stuff</i></p><p><i>Huge dick in the park.</i></p>",
          "tree_html": ""
        },
        "trail": [
          {
            "blog": {
              "name": "gay-public-greece",
              "active": true,
              "theme": {
                "avatar_shape": "square",
                "background_color": "#FFFFFF",
                "body_font": "Helvetica Neue",
                "header_bounds": 0,
                "header_image": "https://assets.tumblr.com/images/default_header/optica_pattern_03.png?_v=a0f20b51ed40eb5a930ab86effe42a40",
                "header_image_focused": "https://assets.tumblr.com/images/default_header/optica_pattern_03.png?_v=a0f20b51ed40eb5a930ab86effe42a40",
                "header_image_scaled": "https://assets.tumblr.com/images/default_header/optica_pattern_03.png?_v=a0f20b51ed40eb5a930ab86effe42a40",
                "header_stretch": false,
                "link_color": "#529ECC",
                "show_avatar": true,
                "show_description": true,
                "show_header_image": false,
                "show_title": true,
                "title_color": "#444444",
                "title_font": "Gibson",
                "title_font_weight": "bold"
              },
              "share_likes": true,
              "share_following": true,
              "can_be_followed": true
            },
            "post": {
              "id": "144101694957"
            },
            "content_raw": "<p><a href=\"http://gay-public-greece.tumblr.com\"><b>Gay Pyblic Greece</b></a> - <i>Only original stuff</i></p><p><i>Huge dick in the park.</i></p>",
            "content": "<p><a href=\"http://gay-public-greece.tumblr.com\"><b>Gay Pyblic Greece</b></a> - <i>Only original stuff</i></p><p><i>Huge dick in the park.</i></p>",
            "is_current_item": true,
            "is_root_item": true
          }
        ],
        "video_url": "https://vtt.tumblr.com/tumblr_o6x44sryqa1vropxf.mp4",
        "html5_capable": true,
        "thumbnail_url": "https://31.media.tumblr.com/tumblr_o6x44sryqa1vropxf_frame1.jpg",
        "thumbnail_width": 368,
        "thumbnail_height": 640,
        "duration": 5,
        "player": [
          {
            "width": 250,
            "embed_code": "\n<video  id='embed-592b05f4dc728283809236' class='crt-video crt-skin-default' width='250' height='435' poster='https://31.media.tumblr.com/tumblr_o6x44sryqa1vropxf_frame1.jpg' preload='none' muted data-crt-video data-crt-options='{\"autoheight\":null,\"duration\":5,\"hdUrl\":false,\"filmstrip\":{\"url\":\"https:\\/\\/66.media.tumblr.com\\/previews\\/tumblr_o6x44sryqa1vropxf_filmstrip.jpg\",\"width\":\"200\",\"height\":\"344\"}}' >\n    <source src=\"https://gay-public-greece.tumblr.com/video_file/t:s-62KpYjVLrdp0mLeeK89A/144101694957/tumblr_o6x44sryqa1vropxf\" type=\"video/mp4\">\n</video>\n"
          },
          {
            "width": 400,
            "embed_code": "\n<video  id='embed-592b05f4dc728283809236' class='crt-video crt-skin-default' width='400' height='696' poster='https://31.media.tumblr.com/tumblr_o6x44sryqa1vropxf_frame1.jpg' preload='none' muted data-crt-video data-crt-options='{\"autoheight\":null,\"duration\":5,\"hdUrl\":false,\"filmstrip\":{\"url\":\"https:\\/\\/66.media.tumblr.com\\/previews\\/tumblr_o6x44sryqa1vropxf_filmstrip.jpg\",\"width\":\"200\",\"height\":\"344\"}}' >\n    <source src=\"https://gay-public-greece.tumblr.com/video_file/t:s-62KpYjVLrdp0mLeeK89A/144101694957/tumblr_o6x44sryqa1vropxf\" type=\"video/mp4\">\n</video>\n"
          },
          {
            "width": 500,
            "embed_code": "\n<video  id='embed-592b05f4dc728283809236' class='crt-video crt-skin-default' width='500' height='870' poster='https://31.media.tumblr.com/tumblr_o6x44sryqa1vropxf_frame1.jpg' preload='none' muted data-crt-video data-crt-options='{\"autoheight\":null,\"duration\":5,\"hdUrl\":false,\"filmstrip\":{\"url\":\"https:\\/\\/66.media.tumblr.com\\/previews\\/tumblr_o6x44sryqa1vropxf_filmstrip.jpg\",\"width\":\"200\",\"height\":\"344\"}}' >\n    <source src=\"https://gay-public-greece.tumblr.com/video_file/t:s-62KpYjVLrdp0mLeeK89A/144101694957/tumblr_o6x44sryqa1vropxf\" type=\"video/mp4\">\n</video>\n"
          }
        ],
        "video_type": "tumblr",
        "liked_timestamp": 1495318049,
        "can_like": false,
        "can_reblog": true,
        "can_send_in_message": true,
        "can_reply": false,
        "display_avatar": true
      },
      {
        "type": "video",
        "blog_name": "gay-public-greece",
        "id": 152477239129,
        "post_url": "https://gay-public-greece.tumblr.com/post/152477239129",
        "slug": "",
        "date": "2016-10-29 20:11:30 GMT",
        "timestamp": 1477771890,
        "state": "published",
        "format": "html",
        "reblog_key": "IX1mz1yO",
        "tags": [],
        "short_url": "https://tmblr.co/ZGJgMh2E0MWTP",
        "summary": "",
        "recommended_source": null,
        "recommended_color": null,
        "note_count": 6821,
        "source_url": "http://sexymenstraight.tumblr.com/post/141002190898/bulge-grab",
        "source_title": "sexymenstraight",
        "caption": "",
        "reblog": {
          "comment": "",
          "tree_html": ""
        },
        "trail": [],
        "video_url": "https://vtt.tumblr.com/tumblr_o407ycsqSM1vonz5q.mp4",
        "html5_capable": true,
        "thumbnail_url": "https://31.media.tumblr.com/tumblr_o407ycsqSM1vonz5q_frame1.jpg",
        "thumbnail_width": 1280,
        "thumbnail_height": 720,
        "duration": 41,
        "player": [
          {
            "width": 250,
            "embed_code": "\n<video  id='embed-592b05f4dd985008826641' class='crt-video crt-skin-default' width='250' height='141' poster='https://31.media.tumblr.com/tumblr_o407ycsqSM1vonz5q_frame1.jpg' preload='none' muted data-crt-video data-crt-options='{\"autoheight\":null,\"duration\":41,\"hdUrl\":\"https:\\/\\/gay-public-greece.tumblr.com\\/video_file\\/t:s-62KpYjVLrdp0mLeeK89A\\/152477239129\\/tumblr_o407ycsqSM1vonz5q\",\"filmstrip\":{\"url\":\"https:\\/\\/38.media.tumblr.com\\/previews\\/tumblr_o407ycsqSM1vonz5q_filmstrip.jpg\",\"width\":\"200\",\"height\":\"112\"}}' >\n    <source src=\"https://gay-public-greece.tumblr.com/video_file/t:s-62KpYjVLrdp0mLeeK89A/152477239129/tumblr_o407ycsqSM1vonz5q/480\" type=\"video/mp4\">\n</video>\n"
          },
          {
            "width": 400,
            "embed_code": "\n<video  id='embed-592b05f4dd985008826641' class='crt-video crt-skin-default' width='400' height='225' poster='https://31.media.tumblr.com/tumblr_o407ycsqSM1vonz5q_frame1.jpg' preload='none' muted data-crt-video data-crt-options='{\"autoheight\":null,\"duration\":41,\"hdUrl\":\"https:\\/\\/gay-public-greece.tumblr.com\\/video_file\\/t:s-62KpYjVLrdp0mLeeK89A\\/152477239129\\/tumblr_o407ycsqSM1vonz5q\",\"filmstrip\":{\"url\":\"https:\\/\\/38.media.tumblr.com\\/previews\\/tumblr_o407ycsqSM1vonz5q_filmstrip.jpg\",\"width\":\"200\",\"height\":\"112\"}}' >\n    <source src=\"https://gay-public-greece.tumblr.com/video_file/t:s-62KpYjVLrdp0mLeeK89A/152477239129/tumblr_o407ycsqSM1vonz5q/480\" type=\"video/mp4\">\n</video>\n"
          },
          {
            "width": 500,
            "embed_code": "\n<video  id='embed-592b05f4dd985008826641' class='crt-video crt-skin-default' width='500' height='281' poster='https://31.media.tumblr.com/tumblr_o407ycsqSM1vonz5q_frame1.jpg' preload='none' muted data-crt-video data-crt-options='{\"autoheight\":null,\"duration\":41,\"hdUrl\":\"https:\\/\\/gay-public-greece.tumblr.com\\/video_file\\/t:s-62KpYjVLrdp0mLeeK89A\\/152477239129\\/tumblr_o407ycsqSM1vonz5q\",\"filmstrip\":{\"url\":\"https:\\/\\/38.media.tumblr.com\\/previews\\/tumblr_o407ycsqSM1vonz5q_filmstrip.jpg\",\"width\":\"200\",\"height\":\"112\"}}' >\n    <source src=\"https://gay-public-greece.tumblr.com/video_file/t:s-62KpYjVLrdp0mLeeK89A/152477239129/tumblr_o407ycsqSM1vonz5q/480\" type=\"video/mp4\">\n</video>\n"
          }
        ],
        "video_type": "tumblr",
        "liked_timestamp": 1495318014,
        "can_like": false,
        "can_reblog": true,
        "can_send_in_message": true,
        "can_reply": false,
        "display_avatar": true
      },
      {
        "type": "video",
        "blog_name": "guymasturbate",
        "id": 160880160682,
        "post_url": "https://guymasturbate.tumblr.com/post/160880160682",
        "slug": "",
        "date": "2017-05-20 18:18:24 GMT",
        "timestamp": 1495304304,
        "state": "published",
        "format": "html",
        "reblog_key": "J5lTdpCr",
        "tags": [],
        "short_url": "https://tmblr.co/Z-FqUl2LrD6_g",
        "summary": "",
        "recommended_source": null,
        "recommended_color": null,
        "note_count": 15625,
        "source_url": "http://biblogdude.tumblr.com/post/6639472506/friday-night-movies-this-is-so-fucking-hot",
        "source_title": "biblogdude",
        "caption": "",
        "reblog": {
          "comment": "",
          "tree_html": ""
        },
        "trail": [],
        "video_url": "https://vtt.tumblr.com/tumblr_lmmqqvw9tj1qcx7us.mp4",
        "html5_capable": true,
        "thumbnail_url": "https://31.media.tumblr.com/tumblr_lmmqqvw9tj1qcx7us_frame1.jpg",
        "thumbnail_width": 480,
        "thumbnail_height": 360,
        "duration": 140,
        "player": [
          {
            "width": 250,
            "embed_code": "\n<video  id='embed-592b05f4e2003932660412' class='crt-video crt-skin-default' width='250' height='188' poster='https://31.media.tumblr.com/tumblr_lmmqqvw9tj1qcx7us_frame1.jpg' preload='none' muted data-crt-video data-crt-options='{\"autoheight\":null,\"duration\":\"140\",\"hdUrl\":false,\"filmstrip\":false}' >\n    <source src=\"https://guymasturbate.tumblr.com/video_file/t:QCcH06VjLcNOlLNlY3pOkg/160880160682/tumblr_lmmqqvw9tj1qcx7us\" type=\"video/mp4\">\n</video>\n"
          },
          {
            "width": 400,
            "embed_code": "\n<video  id='embed-592b05f4e2003932660412' class='crt-video crt-skin-default' width='400' height='300' poster='https://31.media.tumblr.com/tumblr_lmmqqvw9tj1qcx7us_frame1.jpg' preload='none' muted data-crt-video data-crt-options='{\"autoheight\":null,\"duration\":\"140\",\"hdUrl\":false,\"filmstrip\":false}' >\n    <source src=\"https://guymasturbate.tumblr.com/video_file/t:QCcH06VjLcNOlLNlY3pOkg/160880160682/tumblr_lmmqqvw9tj1qcx7us\" type=\"video/mp4\">\n</video>\n"
          },
          {
            "width": 500,
            "embed_code": "\n<video  id='embed-592b05f4e2003932660412' class='crt-video crt-skin-default' width='500' height='375' poster='https://31.media.tumblr.com/tumblr_lmmqqvw9tj1qcx7us_frame1.jpg' preload='none' muted data-crt-video data-crt-options='{\"autoheight\":null,\"duration\":\"140\",\"hdUrl\":false,\"filmstrip\":false}' >\n    <source src=\"https://guymasturbate.tumblr.com/video_file/t:QCcH06VjLcNOlLNlY3pOkg/160880160682/tumblr_lmmqqvw9tj1qcx7us\" type=\"video/mp4\">\n</video>\n"
          }
        ],
        "video_type": "tumblr",
        "liked_timestamp": 1495315063,
        "can_like": false,
        "can_reblog": true,
        "can_send_in_message": true,
        "can_reply": false,
        "display_avatar": true
      },
      {
        "type": "video",
        "blog_name": "cottaging-restrooms-and-toilets",
        "id": 160880359542,
        "post_url": "http://cottaging-restrooms-and-toilets.tumblr.com/post/160880359542",
        "slug": "",
        "date": "2017-05-20 18:25:31 GMT",
        "timestamp": 1495304731,
        "state": "published",
        "format": "html",
        "reblog_key": "AHtMk4q5",
        "tags": [],
        "short_url": "https://tmblr.co/ZAq_aj2LrDtXs",
        "summary": "",
        "recommended_source": null,
        "recommended_color": null,
        "post_author": "love-daveyjones",
        "note_count": 20597,
        "source_url": "https://havingawee.tumblr.com/post/158689084378/vaping",
        "source_title": "havingawee",
        "caption": "",
        "reblog": {
          "comment": "",
          "tree_html": ""
        },
        "trail": [],
        "video_url": "https://vtt.tumblr.com/tumblr_on744jz0ku1ugrsi4_720.mp4",
        "html5_capable": true,
        "thumbnail_url": "https://31.media.tumblr.com/tumblr_on744jz0ku1ugrsi4_frame1.jpg",
        "thumbnail_width": 1080,
        "thumbnail_height": 1920,
        "duration": 60,
        "player": [
          {
            "width": 250,
            "embed_code": "\n<video  id='embed-592b05f4e4897685046145' class='crt-video crt-skin-default' width='250' height='444' poster='https://68.media.tumblr.com/tumblr_on744jz0ku1ugrsi4_smart1.jpg' preload='none' muted data-crt-video data-crt-options='{\"autoheight\":null,\"duration\":60,\"hdUrl\":\"https:\\/\\/cottaging-restrooms-and-toilets.tumblr.com\\/video_file\\/t:kDU73SczAwTRjOrb3uD2Hw\\/160880359542\\/tumblr_on744jz0ku1ugrsi4\\/720\",\"filmstrip\":{\"url\":\"https:\\/\\/68.media.tumblr.com\\/previews\\/tumblr_on744jz0ku1ugrsi4_filmstrip.jpg\",\"width\":\"200\",\"height\":\"357\"}}' >\n    <source src=\"https://cottaging-restrooms-and-toilets.tumblr.com/video_file/t:kDU73SczAwTRjOrb3uD2Hw/160880359542/tumblr_on744jz0ku1ugrsi4/480\" type=\"video/mp4\">\n</video>\n"
          },
          {
            "width": 400,
            "embed_code": "\n<video  id='embed-592b05f4e4897685046145' class='crt-video crt-skin-default' width='400' height='711' poster='https://68.media.tumblr.com/tumblr_on744jz0ku1ugrsi4_smart1.jpg' preload='none' muted data-crt-video data-crt-options='{\"autoheight\":null,\"duration\":60,\"hdUrl\":\"https:\\/\\/cottaging-restrooms-and-toilets.tumblr.com\\/video_file\\/t:kDU73SczAwTRjOrb3uD2Hw\\/160880359542\\/tumblr_on744jz0ku1ugrsi4\\/720\",\"filmstrip\":{\"url\":\"https:\\/\\/68.media.tumblr.com\\/previews\\/tumblr_on744jz0ku1ugrsi4_filmstrip.jpg\",\"width\":\"200\",\"height\":\"357\"}}' >\n    <source src=\"https://cottaging-restrooms-and-toilets.tumblr.com/video_file/t:kDU73SczAwTRjOrb3uD2Hw/160880359542/tumblr_on744jz0ku1ugrsi4/480\" type=\"video/mp4\">\n</video>\n"
          },
          {
            "width": 500,
            "embed_code": "\n<video  id='embed-592b05f4e4897685046145' class='crt-video crt-skin-default' width='500' height='889' poster='https://68.media.tumblr.com/tumblr_on744jz0ku1ugrsi4_smart1.jpg' preload='none' muted data-crt-video data-crt-options='{\"autoheight\":null,\"duration\":60,\"hdUrl\":\"https:\\/\\/cottaging-restrooms-and-toilets.tumblr.com\\/video_file\\/t:kDU73SczAwTRjOrb3uD2Hw\\/160880359542\\/tumblr_on744jz0ku1ugrsi4\\/720\",\"filmstrip\":{\"url\":\"https:\\/\\/68.media.tumblr.com\\/previews\\/tumblr_on744jz0ku1ugrsi4_filmstrip.jpg\",\"width\":\"200\",\"height\":\"357\"}}' >\n    <source src=\"https://cottaging-restrooms-and-toilets.tumblr.com/video_file/t:kDU73SczAwTRjOrb3uD2Hw/160880359542/tumblr_on744jz0ku1ugrsi4/480\" type=\"video/mp4\">\n</video>\n"
          }
        ],
        "video_type": "tumblr",
        "liked_timestamp": 1495313111,
        "can_like": false,
        "can_reblog": true,
        "can_send_in_message": true,
        "can_reply": false,
        "display_avatar": true
      },
      {
        "type": "video",
        "blog_name": "cottaging-restrooms-and-toilets",
        "id": 160880498977,
        "post_url": "http://cottaging-restrooms-and-toilets.tumblr.com/post/160880498977",
        "slug": "",
        "date": "2017-05-20 18:30:30 GMT",
        "timestamp": 1495305030,
        "state": "published",
        "format": "html",
        "reblog_key": "3AOjmgem",
        "tags": [],
        "short_url": "https://tmblr.co/ZAq_aj2LrEPaX",
        "summary": "",
        "recommended_source": null,
        "recommended_color": null,
        "post_author": "love-daveyjones",
        "note_count": 1280,
        "source_url": "https://publicfunlovers.tumblr.com/post/160847192275",
        "source_title": "publicfunlovers",
        "caption": "",
        "reblog": {
          "comment": "",
          "tree_html": ""
        },
        "trail": [],
        "video_url": "https://vtt.tumblr.com/tumblr_oq7sxhkH911v274s3.mp4",
        "html5_capable": true,
        "thumbnail_url": "https://31.media.tumblr.com/tumblr_oq7sxhkH911v274s3_frame1.jpg",
        "thumbnail_width": 1280,
        "thumbnail_height": 720,
        "duration": 16,
        "player": [
          {
            "width": 250,
            "embed_code": "\n<video  id='embed-592b05f4e85f0945367866' class='crt-video crt-skin-default' width='250' height='141' poster='https://68.media.tumblr.com/tumblr_oq7sxhkH911v274s3_smart1.jpg' preload='none' muted data-crt-video data-crt-options='{\"autoheight\":null,\"duration\":16,\"hdUrl\":\"https:\\/\\/cottaging-restrooms-and-toilets.tumblr.com\\/video_file\\/t:kDU73SczAwTRjOrb3uD2Hw\\/160880498977\\/tumblr_oq7sxhkH911v274s3\",\"filmstrip\":{\"url\":\"https:\\/\\/68.media.tumblr.com\\/previews\\/tumblr_oq7sxhkH911v274s3_filmstrip.jpg\",\"width\":\"200\",\"height\":\"112\"}}' >\n    <source src=\"https://cottaging-restrooms-and-toilets.tumblr.com/video_file/t:kDU73SczAwTRjOrb3uD2Hw/160880498977/tumblr_oq7sxhkH911v274s3/480\" type=\"video/mp4\">\n</video>\n"
          },
          {
            "width": 400,
            "embed_code": "\n<video  id='embed-592b05f4e85f0945367866' class='crt-video crt-skin-default' width='400' height='225' poster='https://68.media.tumblr.com/tumblr_oq7sxhkH911v274s3_smart1.jpg' preload='none' muted data-crt-video data-crt-options='{\"autoheight\":null,\"duration\":16,\"hdUrl\":\"https:\\/\\/cottaging-restrooms-and-toilets.tumblr.com\\/video_file\\/t:kDU73SczAwTRjOrb3uD2Hw\\/160880498977\\/tumblr_oq7sxhkH911v274s3\",\"filmstrip\":{\"url\":\"https:\\/\\/68.media.tumblr.com\\/previews\\/tumblr_oq7sxhkH911v274s3_filmstrip.jpg\",\"width\":\"200\",\"height\":\"112\"}}' >\n    <source src=\"https://cottaging-restrooms-and-toilets.tumblr.com/video_file/t:kDU73SczAwTRjOrb3uD2Hw/160880498977/tumblr_oq7sxhkH911v274s3/480\" type=\"video/mp4\">\n</video>\n"
          },
          {
            "width": 500,
            "embed_code": "\n<video  id='embed-592b05f4e85f0945367866' class='crt-video crt-skin-default' width='500' height='281' poster='https://68.media.tumblr.com/tumblr_oq7sxhkH911v274s3_smart1.jpg' preload='none' muted data-crt-video data-crt-options='{\"autoheight\":null,\"duration\":16,\"hdUrl\":\"https:\\/\\/cottaging-restrooms-and-toilets.tumblr.com\\/video_file\\/t:kDU73SczAwTRjOrb3uD2Hw\\/160880498977\\/tumblr_oq7sxhkH911v274s3\",\"filmstrip\":{\"url\":\"https:\\/\\/68.media.tumblr.com\\/previews\\/tumblr_oq7sxhkH911v274s3_filmstrip.jpg\",\"width\":\"200\",\"height\":\"112\"}}' >\n    <source src=\"https://cottaging-restrooms-and-toilets.tumblr.com/video_file/t:kDU73SczAwTRjOrb3uD2Hw/160880498977/tumblr_oq7sxhkH911v274s3/480\" type=\"video/mp4\">\n</video>\n"
          }
        ],
        "video_type": "tumblr",
        "liked_timestamp": 1495313091,
        "can_like": false,
        "can_reblog": true,
        "can_send_in_message": true,
        "can_reply": false,
        "display_avatar": true
      },
      {
        "type": "video",
        "blog_name": "filthyandhorny",
        "id": 160881447652,
        "post_url": "http://filthyandhorny.tumblr.com/post/160881447652",
        "slug": "",
        "date": "2017-05-20 19:04:19 GMT",
        "timestamp": 1495307059,
        "state": "published",
        "format": "html",
        "reblog_key": "Ve4I9HCY",
        "tags": [],
        "short_url": "https://tmblr.co/ZGIlHs2LrI1Ba",
        "summary": "",
        "recommended_source": null,
        "recommended_color": null,
        "note_count": 2361,
        "source_url": "https://longhungone.tumblr.com/post/157805154513/slow-nights",
        "source_title": "longhungone",
        "caption": "",
        "reblog": {
          "comment": "",
          "tree_html": ""
        },
        "trail": [],
        "video_url": "https://vtt.tumblr.com/tumblr_om2dw5lPQr1w5tc17.mp4",
        "html5_capable": true,
        "thumbnail_url": "https://31.media.tumblr.com/tumblr_om2dw5lPQr1w5tc17_frame1.jpg",
        "thumbnail_width": 360,
        "thumbnail_height": 640,
        "duration": 46,
        "player": [
          {
            "width": 250,
            "embed_code": "\n<video  id='embed-592b05f4e96af113113124' class='crt-video crt-skin-default' width='250' height='444' poster='https://68.media.tumblr.com/tumblr_om2dw5lPQr1w5tc17_smart1.jpg' preload='none' muted data-crt-video data-crt-options='{\"autoheight\":null,\"duration\":46,\"hdUrl\":false,\"filmstrip\":{\"url\":\"https:\\/\\/68.media.tumblr.com\\/previews\\/tumblr_om2dw5lPQr1w5tc17_filmstrip.jpg\",\"width\":\"200\",\"height\":\"357\"}}' >\n    <source src=\"https://filthyandhorny.tumblr.com/video_file/t:vWsm0GPRkyQlyMP82m1tlg/160881447652/tumblr_om2dw5lPQr1w5tc17\" type=\"video/mp4\">\n</video>\n"
          },
          {
            "width": 400,
            "embed_code": "\n<video  id='embed-592b05f4e96af113113124' class='crt-video crt-skin-default' width='400' height='711' poster='https://68.media.tumblr.com/tumblr_om2dw5lPQr1w5tc17_smart1.jpg' preload='none' muted data-crt-video data-crt-options='{\"autoheight\":null,\"duration\":46,\"hdUrl\":false,\"filmstrip\":{\"url\":\"https:\\/\\/68.media.tumblr.com\\/previews\\/tumblr_om2dw5lPQr1w5tc17_filmstrip.jpg\",\"width\":\"200\",\"height\":\"357\"}}' >\n    <source src=\"https://filthyandhorny.tumblr.com/video_file/t:vWsm0GPRkyQlyMP82m1tlg/160881447652/tumblr_om2dw5lPQr1w5tc17\" type=\"video/mp4\">\n</video>\n"
          },
          {
            "width": 500,
            "embed_code": "\n<video  id='embed-592b05f4e96af113113124' class='crt-video crt-skin-default' width='500' height='889' poster='https://68.media.tumblr.com/tumblr_om2dw5lPQr1w5tc17_smart1.jpg' preload='none' muted data-crt-video data-crt-options='{\"autoheight\":null,\"duration\":46,\"hdUrl\":false,\"filmstrip\":{\"url\":\"https:\\/\\/68.media.tumblr.com\\/previews\\/tumblr_om2dw5lPQr1w5tc17_filmstrip.jpg\",\"width\":\"200\",\"height\":\"357\"}}' >\n    <source src=\"https://filthyandhorny.tumblr.com/video_file/t:vWsm0GPRkyQlyMP82m1tlg/160881447652/tumblr_om2dw5lPQr1w5tc17\" type=\"video/mp4\">\n</video>\n"
          }
        ],
        "video_type": "tumblr",
        "liked_timestamp": 1495313011,
        "can_like": false,
        "can_reblog": true,
        "can_send_in_message": true,
        "can_reply": false,
        "display_avatar": true
      },
      {
        "type": "video",
        "blog_name": "filthyandhorny",
        "id": 160881508467,
        "post_url": "http://filthyandhorny.tumblr.com/post/160881508467/longhungone-back-at-work",
        "slug": "longhungone-back-at-work",
        "date": "2017-05-20 19:06:35 GMT",
        "timestamp": 1495307195,
        "state": "published",
        "format": "html",
        "reblog_key": "kj6HaY3P",
        "tags": [],
        "short_url": "https://tmblr.co/ZGIlHs2LrIG1p",
        "summary": "🍆🍆🍃back at work",
        "recommended_source": null,
        "recommended_color": null,
        "note_count": 7280,
        "caption": "<p><a href=\"https://longhungone.tumblr.com/post/159358551326/back-at-work\" class=\"tumblr_blog\">longhungone</a>:</p>\n\n<blockquote><p>🍆🍆🍃back at work</p></blockquote>",
        "reblog": {
          "comment": "",
          "tree_html": "<p><a href=\"https://longhungone.tumblr.com/post/159358551326/back-at-work\" class=\"tumblr_blog\">longhungone</a>:</p><blockquote><p>🍆🍆🍃back at work</p></blockquote>"
        },
        "trail": [
          {
            "blog": {
              "name": "longhungone",
              "active": true,
              "theme": {
                "header_full_width": 719,
                "header_full_height": 1280,
                "header_focus_width": 615,
                "header_focus_height": 346,
                "avatar_shape": "square",
                "background_color": "#926F6F",
                "body_font": "Helvetica Neue",
                "header_bounds": "468,667,814,52",
                "header_image": "https://static.tumblr.com/80cb73bd8d966c5064d25a01f4f24267/gvaqxoq/Cgqopc14y/tumblr_static_.png",
                "header_image_focused": "https://static.tumblr.com/80cb73bd8d966c5064d25a01f4f24267/gvaqxoq/l5iopc154/tumblr_static_tumblr_static__focused_v3.png",
                "header_image_scaled": "https://static.tumblr.com/80cb73bd8d966c5064d25a01f4f24267/gvaqxoq/Cgqopc14y/tumblr_static__2048_v2.png",
                "header_stretch": true,
                "link_color": "#529ECC",
                "show_avatar": true,
                "show_description": true,
                "show_header_image": true,
                "show_title": true,
                "title_color": "#FFFFFF",
                "title_font": "Gibson",
                "title_font_weight": "bold"
              },
              "share_likes": false,
              "share_following": false,
              "can_be_followed": true
            },
            "post": {
              "id": "159358551326"
            },
            "content_raw": "<p>🍆🍆🍃back at work</p>",
            "content": "<p>&#127814;&#127814;&#127811;back at work</p>",
            "is_root_item": true
          }
        ],
        "video_url": "https://vtt.tumblr.com/tumblr_oo4ebqYO9u1w5tc17.mp4",
        "html5_capable": true,
        "thumbnail_url": "https://31.media.tumblr.com/tumblr_oo4ebqYO9u1w5tc17_frame1.jpg",
        "thumbnail_width": 360,
        "thumbnail_height": 640,
        "duration": 48,
        "player": [
          {
            "width": 250,
            "embed_code": "\n<video  id='embed-592b05f4eb898148663293' class='crt-video crt-skin-default' width='250' height='444' poster='https://68.media.tumblr.com/tumblr_oo4ebqYO9u1w5tc17_smart1.jpg' preload='none' muted data-crt-video data-crt-options='{\"autoheight\":null,\"duration\":48,\"hdUrl\":false,\"filmstrip\":{\"url\":\"https:\\/\\/68.media.tumblr.com\\/previews\\/tumblr_oo4ebqYO9u1w5tc17_filmstrip.jpg\",\"width\":\"200\",\"height\":\"357\"}}' >\n    <source src=\"https://filthyandhorny.tumblr.com/video_file/t:vWsm0GPRkyQlyMP82m1tlg/160881508467/tumblr_oo4ebqYO9u1w5tc17\" type=\"video/mp4\">\n</video>\n"
          },
          {
            "width": 400,
            "embed_code": "\n<video  id='embed-592b05f4eb898148663293' class='crt-video crt-skin-default' width='400' height='711' poster='https://68.media.tumblr.com/tumblr_oo4ebqYO9u1w5tc17_smart1.jpg' preload='none' muted data-crt-video data-crt-options='{\"autoheight\":null,\"duration\":48,\"hdUrl\":false,\"filmstrip\":{\"url\":\"https:\\/\\/68.media.tumblr.com\\/previews\\/tumblr_oo4ebqYO9u1w5tc17_filmstrip.jpg\",\"width\":\"200\",\"height\":\"357\"}}' >\n    <source src=\"https://filthyandhorny.tumblr.com/video_file/t:vWsm0GPRkyQlyMP82m1tlg/160881508467/tumblr_oo4ebqYO9u1w5tc17\" type=\"video/mp4\">\n</video>\n"
          },
          {
            "width": 500,
            "embed_code": "\n<video  id='embed-592b05f4eb898148663293' class='crt-video crt-skin-default' width='500' height='889' poster='https://68.media.tumblr.com/tumblr_oo4ebqYO9u1w5tc17_smart1.jpg' preload='none' muted data-crt-video data-crt-options='{\"autoheight\":null,\"duration\":48,\"hdUrl\":false,\"filmstrip\":{\"url\":\"https:\\/\\/68.media.tumblr.com\\/previews\\/tumblr_oo4ebqYO9u1w5tc17_filmstrip.jpg\",\"width\":\"200\",\"height\":\"357\"}}' >\n    <source src=\"https://filthyandhorny.tumblr.com/video_file/t:vWsm0GPRkyQlyMP82m1tlg/160881508467/tumblr_oo4ebqYO9u1w5tc17\" type=\"video/mp4\">\n</video>\n"
          }
        ],
        "video_type": "tumblr",
        "liked_timestamp": 1495312991,
        "can_like": false,
        "can_reblog": true,
        "can_send_in_message": true,
        "can_reply": false,
        "display_avatar": true
      },
      {
        "type": "video",
        "blog_name": "filthyandhorny",
        "id": 160881522402,
        "post_url": "http://filthyandhorny.tumblr.com/post/160881522402/longhungone-at-work-tonight",
        "slug": "longhungone-at-work-tonight",
        "date": "2017-05-20 19:07:08 GMT",
        "timestamp": 1495307228,
        "state": "published",
        "format": "html",
        "reblog_key": "0UBOSRa6",
        "tags": [],
        "short_url": "https://tmblr.co/ZGIlHs2LrIJRY",
        "summary": "At work tonight",
        "recommended_source": null,
        "recommended_color": null,
        "note_count": 4852,
        "source_url": "https://longhungone.tumblr.com/post/157635600960/at-work-tonight",
        "source_title": "longhungone",
        "caption": "<p><a href=\"https://longhungone.tumblr.com/post/157635600960/at-work-tonight\" class=\"tumblr_blog\">longhungone</a>:</p>\n\n<blockquote><p>At work tonight</p></blockquote>",
        "reblog": {
          "comment": "",
          "tree_html": "<p><a href=\"https://longhungone.tumblr.com/post/157635600960/at-work-tonight\" class=\"tumblr_blog\">longhungone</a>:</p><blockquote><p>At work tonight</p></blockquote>"
        },
        "trail": [
          {
            "blog": {
              "name": "longhungone",
              "active": true,
              "theme": {
                "header_full_width": 719,
                "header_full_height": 1280,
                "header_focus_width": 615,
                "header_focus_height": 346,
                "avatar_shape": "square",
                "background_color": "#926F6F",
                "body_font": "Helvetica Neue",
                "header_bounds": "468,667,814,52",
                "header_image": "https://static.tumblr.com/80cb73bd8d966c5064d25a01f4f24267/gvaqxoq/Cgqopc14y/tumblr_static_.png",
                "header_image_focused": "https://static.tumblr.com/80cb73bd8d966c5064d25a01f4f24267/gvaqxoq/l5iopc154/tumblr_static_tumblr_static__focused_v3.png",
                "header_image_scaled": "https://static.tumblr.com/80cb73bd8d966c5064d25a01f4f24267/gvaqxoq/Cgqopc14y/tumblr_static__2048_v2.png",
                "header_stretch": true,
                "link_color": "#529ECC",
                "show_avatar": true,
                "show_description": true,
                "show_header_image": true,
                "show_title": true,
                "title_color": "#FFFFFF",
                "title_font": "Gibson",
                "title_font_weight": "bold"
              },
              "share_likes": false,
              "share_following": false,
              "can_be_followed": true
            },
            "post": {
              "id": "157635600960"
            },
            "content_raw": "<p>At work tonight</p>",
            "content": "<p>At work tonight</p>",
            "is_root_item": true
          }
        ],
        "video_url": "https://vtt.tumblr.com/tumblr_oluz6u8Bbz1w5tc17.mp4",
        "html5_capable": true,
        "thumbnail_url": "https://31.media.tumblr.com/tumblr_oluz6u8Bbz1w5tc17_frame1.jpg",
        "thumbnail_width": 360,
        "thumbnail_height": 640,
        "duration": 52,
        "player": [
          {
            "width": 250,
            "embed_code": "\n<video  id='embed-592b05f4ef187890353759' class='crt-video crt-skin-default' width='250' height='444' poster='https://68.media.tumblr.com/tumblr_oluz6u8Bbz1w5tc17_smart1.jpg' preload='none' muted data-crt-video data-crt-options='{\"autoheight\":null,\"duration\":52,\"hdUrl\":false,\"filmstrip\":{\"url\":\"https:\\/\\/68.media.tumblr.com\\/previews\\/tumblr_oluz6u8Bbz1w5tc17_filmstrip.jpg\",\"width\":\"200\",\"height\":\"357\"}}' >\n    <source src=\"https://filthyandhorny.tumblr.com/video_file/t:vWsm0GPRkyQlyMP82m1tlg/160881522402/tumblr_oluz6u8Bbz1w5tc17\" type=\"video/mp4\">\n</video>\n"
          },
          {
            "width": 400,
            "embed_code": "\n<video  id='embed-592b05f4ef187890353759' class='crt-video crt-skin-default' width='400' height='711' poster='https://68.media.tumblr.com/tumblr_oluz6u8Bbz1w5tc17_smart1.jpg' preload='none' muted data-crt-video data-crt-options='{\"autoheight\":null,\"duration\":52,\"hdUrl\":false,\"filmstrip\":{\"url\":\"https:\\/\\/68.media.tumblr.com\\/previews\\/tumblr_oluz6u8Bbz1w5tc17_filmstrip.jpg\",\"width\":\"200\",\"height\":\"357\"}}' >\n    <source src=\"https://filthyandhorny.tumblr.com/video_file/t:vWsm0GPRkyQlyMP82m1tlg/160881522402/tumblr_oluz6u8Bbz1w5tc17\" type=\"video/mp4\">\n</video>\n"
          },
          {
            "width": 500,
            "embed_code": "\n<video  id='embed-592b05f4ef187890353759' class='crt-video crt-skin-default' width='500' height='889' poster='https://68.media.tumblr.com/tumblr_oluz6u8Bbz1w5tc17_smart1.jpg' preload='none' muted data-crt-video data-crt-options='{\"autoheight\":null,\"duration\":52,\"hdUrl\":false,\"filmstrip\":{\"url\":\"https:\\/\\/68.media.tumblr.com\\/previews\\/tumblr_oluz6u8Bbz1w5tc17_filmstrip.jpg\",\"width\":\"200\",\"height\":\"357\"}}' >\n    <source src=\"https://filthyandhorny.tumblr.com/video_file/t:vWsm0GPRkyQlyMP82m1tlg/160881522402/tumblr_oluz6u8Bbz1w5tc17\" type=\"video/mp4\">\n</video>\n"
          }
        ],
        "video_type": "tumblr",
        "liked_timestamp": 1495312987,
        "can_like": false,
        "can_reblog": true,
        "can_send_in_message": true,
        "can_reply": false,
        "display_avatar": true
      },
      {
        "type": "video",
        "blog_name": "guymasturbate",
        "id": 160871706827,
        "post_url": "https://guymasturbate.tumblr.com/post/160871706827",
        "slug": "",
        "date": "2017-05-20 12:58:07 GMT",
        "timestamp": 1495285087,
        "state": "published",
        "format": "html",
        "reblog_key": "qmrdc3jZ",
        "tags": [],
        "short_url": "https://tmblr.co/Z-FqUl2Lqit3B",
        "summary": "",
        "recommended_source": null,
        "recommended_color": null,
        "note_count": 123,
        "caption": "",
        "reblog": {
          "comment": "",
          "tree_html": ""
        },
        "trail": [],
        "video_url": "https://vtt.tumblr.com/tumblr_o5mfngJahF1v0s9zi.mp4",
        "html5_capable": true,
        "thumbnail_url": "https://31.media.tumblr.com/tumblr_o5mfngJahF1v0s9zi_frame1.jpg",
        "thumbnail_width": 640,
        "thumbnail_height": 480,
        "duration": 286,
        "player": [
          {
            "width": 250,
            "embed_code": "\n<video  id='embed-592b05f4f202d802472098' class='crt-video crt-skin-default' width='250' height='188' poster='https://31.media.tumblr.com/tumblr_o5mfngJahF1v0s9zi_frame1.jpg' preload='none' muted data-crt-video data-crt-options='{\"autoheight\":null,\"duration\":286,\"hdUrl\":false,\"filmstrip\":{\"url\":\"https:\\/\\/31.media.tumblr.com\\/previews\\/tumblr_o5mfngJahF1v0s9zi_filmstrip.jpg\",\"width\":\"200\",\"height\":\"150\"}}' >\n    <source src=\"https://guymasturbate.tumblr.com/video_file/t:QCcH06VjLcNOlLNlY3pOkg/160871706827/tumblr_o5mfngJahF1v0s9zi\" type=\"video/mp4\">\n</video>\n"
          },
          {
            "width": 400,
            "embed_code": "\n<video  id='embed-592b05f4f202d802472098' class='crt-video crt-skin-default' width='400' height='300' poster='https://31.media.tumblr.com/tumblr_o5mfngJahF1v0s9zi_frame1.jpg' preload='none' muted data-crt-video data-crt-options='{\"autoheight\":null,\"duration\":286,\"hdUrl\":false,\"filmstrip\":{\"url\":\"https:\\/\\/31.media.tumblr.com\\/previews\\/tumblr_o5mfngJahF1v0s9zi_filmstrip.jpg\",\"width\":\"200\",\"height\":\"150\"}}' >\n    <source src=\"https://guymasturbate.tumblr.com/video_file/t:QCcH06VjLcNOlLNlY3pOkg/160871706827/tumblr_o5mfngJahF1v0s9zi\" type=\"video/mp4\">\n</video>\n"
          },
          {
            "width": 500,
            "embed_code": "\n<video  id='embed-592b05f4f202d802472098' class='crt-video crt-skin-default' width='500' height='375' poster='https://31.media.tumblr.com/tumblr_o5mfngJahF1v0s9zi_frame1.jpg' preload='none' muted data-crt-video data-crt-options='{\"autoheight\":null,\"duration\":286,\"hdUrl\":false,\"filmstrip\":{\"url\":\"https:\\/\\/31.media.tumblr.com\\/previews\\/tumblr_o5mfngJahF1v0s9zi_filmstrip.jpg\",\"width\":\"200\",\"height\":\"150\"}}' >\n    <source src=\"https://guymasturbate.tumblr.com/video_file/t:QCcH06VjLcNOlLNlY3pOkg/160871706827/tumblr_o5mfngJahF1v0s9zi\" type=\"video/mp4\">\n</video>\n"
          }
        ],
        "video_type": "tumblr",
        "liked_timestamp": 1495312165,
        "can_like": false,
        "can_reblog": true,
        "can_send_in_message": true,
        "can_reply": false,
        "display_avatar": true
      },
      {
        "type": "video",
        "blog_name": "guymasturbate",
        "id": 160871857962,
        "post_url": "https://guymasturbate.tumblr.com/post/160871857962",
        "slug": "",
        "date": "2017-05-20 13:04:44 GMT",
        "timestamp": 1495285484,
        "state": "published",
        "format": "html",
        "reblog_key": "j0uiaoRX",
        "tags": [],
        "short_url": "https://tmblr.co/Z-FqUl2LqjRyg",
        "summary": "",
        "recommended_source": null,
        "recommended_color": null,
        "note_count": 2626,
        "caption": "",
        "reblog": {
          "comment": "",
          "tree_html": ""
        },
        "trail": [],
        "video_url": "https://vtt.tumblr.com/tumblr_ocowt2vV5x1vexdmt.mp4",
        "html5_capable": true,
        "thumbnail_url": "https://31.media.tumblr.com/tumblr_ocowt2vV5x1vexdmt_frame1.jpg",
        "thumbnail_width": 720,
        "thumbnail_height": 1280,
        "duration": 5,
        "player": [
          {
            "width": 250,
            "embed_code": "\n<video  id='embed-592b05f504801841727606' class='crt-video crt-skin-default' width='250' height='444' poster='https://68.media.tumblr.com/tumblr_ocowt2vV5x1vexdmt_smart1.jpg' preload='none' muted data-crt-video data-crt-options='{\"autoheight\":null,\"duration\":5,\"hdUrl\":false,\"filmstrip\":{\"url\":\"https:\\/\\/65.media.tumblr.com\\/previews\\/tumblr_ocowt2vV5x1vexdmt_filmstrip.jpg\",\"width\":\"200\",\"height\":\"357\"}}' >\n    <source src=\"https://guymasturbate.tumblr.com/video_file/t:QCcH06VjLcNOlLNlY3pOkg/160871857962/tumblr_ocowt2vV5x1vexdmt/480\" type=\"video/mp4\">\n</video>\n"
          },
          {
            "width": 400,
            "embed_code": "\n<video  id='embed-592b05f504801841727606' class='crt-video crt-skin-default' width='400' height='711' poster='https://68.media.tumblr.com/tumblr_ocowt2vV5x1vexdmt_smart1.jpg' preload='none' muted data-crt-video data-crt-options='{\"autoheight\":null,\"duration\":5,\"hdUrl\":false,\"filmstrip\":{\"url\":\"https:\\/\\/65.media.tumblr.com\\/previews\\/tumblr_ocowt2vV5x1vexdmt_filmstrip.jpg\",\"width\":\"200\",\"height\":\"357\"}}' >\n    <source src=\"https://guymasturbate.tumblr.com/video_file/t:QCcH06VjLcNOlLNlY3pOkg/160871857962/tumblr_ocowt2vV5x1vexdmt/480\" type=\"video/mp4\">\n</video>\n"
          },
          {
            "width": 500,
            "embed_code": "\n<video  id='embed-592b05f504801841727606' class='crt-video crt-skin-default' width='500' height='889' poster='https://68.media.tumblr.com/tumblr_ocowt2vV5x1vexdmt_smart1.jpg' preload='none' muted data-crt-video data-crt-options='{\"autoheight\":null,\"duration\":5,\"hdUrl\":false,\"filmstrip\":{\"url\":\"https:\\/\\/65.media.tumblr.com\\/previews\\/tumblr_ocowt2vV5x1vexdmt_filmstrip.jpg\",\"width\":\"200\",\"height\":\"357\"}}' >\n    <source src=\"https://guymasturbate.tumblr.com/video_file/t:QCcH06VjLcNOlLNlY3pOkg/160871857962/tumblr_ocowt2vV5x1vexdmt/480\" type=\"video/mp4\">\n</video>\n"
          }
        ],
        "video_type": "tumblr",
        "liked_timestamp": 1495312131,
        "can_like": false,
        "can_reblog": true,
        "can_send_in_message": true,
        "can_reply": false,
        "display_avatar": true
      },
      {
        "type": "video",
        "blog_name": "guymasturbate",
        "id": 160873016832,
        "post_url": "https://guymasturbate.tumblr.com/post/160873016832",
        "slug": "",
        "date": "2017-05-20 13:55:27 GMT",
        "timestamp": 1495288527,
        "state": "published",
        "format": "html",
        "reblog_key": "KSkppx2s",
        "tags": [],
        "short_url": "https://tmblr.co/Z-FqUl2Lqnsu0",
        "summary": "",
        "recommended_source": null,
        "recommended_color": null,
        "note_count": 3691,
        "source_url": "https://skin-hunks-holes-v5.tumblr.com/post/159950363909/sending-that-snap",
        "source_title": "skin-hunks-holes-v5",
        "caption": "",
        "reblog": {
          "comment": "",
          "tree_html": ""
        },
        "trail": [],
        "video_url": "https://vtt.tumblr.com/tumblr_ooxlfeU0Uf1w1jfbl.mp4",
        "html5_capable": true,
        "thumbnail_url": "https://31.media.tumblr.com/tumblr_ooxlfeU0Uf1w1jfbl_frame1.jpg",
        "thumbnail_width": 720,
        "thumbnail_height": 720,
        "duration": 10,
        "player": [
          {
            "width": 250,
            "embed_code": "\n<video  id='embed-592b05f505d4e195822056' class='crt-video crt-skin-default' width='250' height='250' poster='https://68.media.tumblr.com/tumblr_ooxlfeU0Uf1w1jfbl_smart1.jpg' preload='none' muted data-crt-video data-crt-options='{\"autoheight\":null,\"duration\":10,\"hdUrl\":false,\"filmstrip\":{\"url\":\"https:\\/\\/68.media.tumblr.com\\/previews\\/tumblr_ooxlfeU0Uf1w1jfbl_filmstrip.jpg\",\"width\":\"200\",\"height\":\"200\"}}' >\n    <source src=\"https://guymasturbate.tumblr.com/video_file/t:QCcH06VjLcNOlLNlY3pOkg/160873016832/tumblr_ooxlfeU0Uf1w1jfbl/480\" type=\"video/mp4\">\n</video>\n"
          },
          {
            "width": 400,
            "embed_code": "\n<video  id='embed-592b05f505d4e195822056' class='crt-video crt-skin-default' width='400' height='400' poster='https://68.media.tumblr.com/tumblr_ooxlfeU0Uf1w1jfbl_smart1.jpg' preload='none' muted data-crt-video data-crt-options='{\"autoheight\":null,\"duration\":10,\"hdUrl\":false,\"filmstrip\":{\"url\":\"https:\\/\\/68.media.tumblr.com\\/previews\\/tumblr_ooxlfeU0Uf1w1jfbl_filmstrip.jpg\",\"width\":\"200\",\"height\":\"200\"}}' >\n    <source src=\"https://guymasturbate.tumblr.com/video_file/t:QCcH06VjLcNOlLNlY3pOkg/160873016832/tumblr_ooxlfeU0Uf1w1jfbl/480\" type=\"video/mp4\">\n</video>\n"
          },
          {
            "width": 500,
            "embed_code": "\n<video  id='embed-592b05f505d4e195822056' class='crt-video crt-skin-default' width='500' height='500' poster='https://68.media.tumblr.com/tumblr_ooxlfeU0Uf1w1jfbl_smart1.jpg' preload='none' muted data-crt-video data-crt-options='{\"autoheight\":null,\"duration\":10,\"hdUrl\":false,\"filmstrip\":{\"url\":\"https:\\/\\/68.media.tumblr.com\\/previews\\/tumblr_ooxlfeU0Uf1w1jfbl_filmstrip.jpg\",\"width\":\"200\",\"height\":\"200\"}}' >\n    <source src=\"https://guymasturbate.tumblr.com/video_file/t:QCcH06VjLcNOlLNlY3pOkg/160873016832/tumblr_ooxlfeU0Uf1w1jfbl/480\" type=\"video/mp4\">\n</video>\n"
          }
        ],
        "video_type": "tumblr",
        "liked_timestamp": 1495311215,
        "can_like": false,
        "can_reblog": true,
        "can_send_in_message": true,
        "can_reply": false,
        "display_avatar": true
      },
      {
        "type": "video",
        "blog_name": "guymasturbate",
        "id": 160873021412,
        "post_url": "https://guymasturbate.tumblr.com/post/160873021412",
        "slug": "",
        "date": "2017-05-20 13:55:39 GMT",
        "timestamp": 1495288539,
        "state": "published",
        "format": "html",
        "reblog_key": "LGl92Aox",
        "tags": [],
        "short_url": "https://tmblr.co/Z-FqUl2Lqnt-a",
        "summary": "",
        "recommended_source": null,
        "recommended_color": null,
        "note_count": 783,
        "source_url": "https://biiiiitch69.tumblr.com/post/160720750138/funy-way-to-cumm-welcom-cookies-join",
        "source_title": "biiiiitch69",
        "caption": "",
        "reblog": {
          "comment": "",
          "tree_html": ""
        },
        "trail": [],
        "video_url": "https://vtt.tumblr.com/tumblr_oq139csYXo1vop33g.mp4",
        "html5_capable": true,
        "thumbnail_url": "https://31.media.tumblr.com/tumblr_oq139csYXo1vop33g_frame1.jpg",
        "thumbnail_width": 360,
        "thumbnail_height": 640,
        "duration": 41,
        "player": [
          {
            "width": 250,
            "embed_code": "\n<video  id='embed-592b05f50717a641309546' class='crt-video crt-skin-default' width='250' height='444' poster='https://68.media.tumblr.com/tumblr_oq139csYXo1vop33g_smart1.jpg' preload='none' muted data-crt-video data-crt-options='{\"autoheight\":null,\"duration\":41,\"hdUrl\":false,\"filmstrip\":{\"url\":\"https:\\/\\/68.media.tumblr.com\\/previews\\/tumblr_oq139csYXo1vop33g_filmstrip.jpg\",\"width\":\"200\",\"height\":\"357\"}}' >\n    <source src=\"https://guymasturbate.tumblr.com/video_file/t:QCcH06VjLcNOlLNlY3pOkg/160873021412/tumblr_oq139csYXo1vop33g\" type=\"video/mp4\">\n</video>\n"
          },
          {
            "width": 400,
            "embed_code": "\n<video  id='embed-592b05f50717a641309546' class='crt-video crt-skin-default' width='400' height='711' poster='https://68.media.tumblr.com/tumblr_oq139csYXo1vop33g_smart1.jpg' preload='none' muted data-crt-video data-crt-options='{\"autoheight\":null,\"duration\":41,\"hdUrl\":false,\"filmstrip\":{\"url\":\"https:\\/\\/68.media.tumblr.com\\/previews\\/tumblr_oq139csYXo1vop33g_filmstrip.jpg\",\"width\":\"200\",\"height\":\"357\"}}' >\n    <source src=\"https://guymasturbate.tumblr.com/video_file/t:QCcH06VjLcNOlLNlY3pOkg/160873021412/tumblr_oq139csYXo1vop33g\" type=\"video/mp4\">\n</video>\n"
          },
          {
            "width": 500,
            "embed_code": "\n<video  id='embed-592b05f50717a641309546' class='crt-video crt-skin-default' width='500' height='889' poster='https://68.media.tumblr.com/tumblr_oq139csYXo1vop33g_smart1.jpg' preload='none' muted data-crt-video data-crt-options='{\"autoheight\":null,\"duration\":41,\"hdUrl\":false,\"filmstrip\":{\"url\":\"https:\\/\\/68.media.tumblr.com\\/previews\\/tumblr_oq139csYXo1vop33g_filmstrip.jpg\",\"width\":\"200\",\"height\":\"357\"}}' >\n    <source src=\"https://guymasturbate.tumblr.com/video_file/t:QCcH06VjLcNOlLNlY3pOkg/160873021412/tumblr_oq139csYXo1vop33g\" type=\"video/mp4\">\n</video>\n"
          }
        ],
        "video_type": "tumblr",
        "liked_timestamp": 1495311178,
        "can_like": false,
        "can_reblog": true,
        "can_send_in_message": true,
        "can_reply": false,
        "display_avatar": true
      }
    ],
    "liked_count": 438
  }
}