<?xml version="1.0" encoding="UTF-8" standalone="yes"?>
<addon id="plugin.video.oxo" name="Oxo" provider-name="moedje forked pcd@xtrend-alliance" version="1.2.1">
  <extension library="default.py" point="xbmc.python.pluginsource">
    <provides>video</provides>
  </extension>
  <extension point="xbmc.addon.metadata">
    <summary>Adult(18+) videos from OxoTube.co</summary>
    <description>Adult(18+) videos from OxoTube.com</description>
    <platform>all</platform>
  </extension>
</addon>