<?xml version="1.0" encoding="UTF-8" standalone="yes"?>
<addon id="plugin.video.sendtokodi" name="sendtokodi" version="0.1.1" provider-name="moedje">
  <requires>
    <import addon="xbmc.python" version="2.19.0"/>
    <import addon="script.module.resolveurl" version="5.0.00+" optional="true"/>
    <import addon="plugin.video.resolveurl-tester" version="1.1.0+" optional="true"/>
  </requires>
  <extension point="xbmc.python.pluginsource" library="service.py" />
  <extension point="xbmc.addon.metadata">
    <summary lang="en">SendToKodi</summary>
    <description lang="en">[B]V0.1.0[/B]: ResolveURL added. 
      [B]SendToKodi[/B] Service for iOS Share Extension to play URL's on Kodi. Service now adds additional Resolver for finding playable video stream in webpage using script.module.resolveurl addon by jsergio123 forked from URLResolver. I use the plugin.video.resolveurl-tester as a player as it works as an easy front end to the resolveurl module. Make sure you have these two addons installed to use additional Resolving of URL's other than just YouTubeDL. These are fall back to YouTubeDL failing to find a playable video. 
    [B]script.module.resolveurl[/B] by JSergio123 @ https://github.com/jsergio123/script.module.resolveurl
    [B]plugin.video.resolveurl-tester[/B] by Twilight0 @ https://github.com/Twilight0/plugin.video.resolveurl-tester
    SendToKodi originally by [B]firsttris[/B] modifications made by moedje.
    https://github.com/firsttris/</description>
    <disclaimer lang="en"></disclaimer>
    <platform>all</platform>
    <license>MIT License</license>
    <website>https://teufel-it.de/</website>
    <email>info@teufel-it.de</email>
    <source>https://github.com/moedje/gay-kodi-mods/</source>
  </extension>
</addon>