<?xml version="1.0" encoding="UTF-8" standalone="yes"?>
<addon id="plugin.video.bingvids" name="bingvids" version="0.0.2" provider-name="moedje">
  <requires>
    <import addon="xbmc.python" version="2.25.0" />
    <import addon="script.module.kodiswift" version="0.0.8"/>
<!-- <import addon="script.module.xbmcswift2"/> -->
  </requires>
  <extension point="xbmc.python.pluginsource" library="addon.py">
    <provides>video</provides>
  </extension>
  <extension point="xbmc.addon.metadata">
    <platform>all</platform>
    <language>en</language>
    <summary lang="en">Summary for "bingvids"</summary>
    <description lang="en">Description for "bingvids"</description>
    <disclaimer lang="en">Disclaimer for "bingvids"</disclaimer>
  </extension>
</addon>
